sgRNA_ID,Chr,position,effect,fRS1,fRS242,fRS246,type,source,comment,
60,1,838214,TRUE,het,het,B,SC5314_het,het_site_CGD,,
68,1,1166862,TRUE,het,het,B,SC5314_het,het_site_CGD,,
83,1,1553473,TRUE,het,het,het,SC5314_het,het_site_CGD,,
83,1,1553477,TRUE,het,het,het,SC5314_het,het_site_CGD,,
85,1,1645351,TRUE,A,A,A,SC5314_het,het_site_CGD,,
118,1,2529412,TRUE,het,B,het,SC5314_het,het_site_CGD,,
119,1,2529412,TRUE,het,B,het,SC5314_het,het_site_CGD,,
120,1,2529393,TRUE,het,B,het,SC5314_het,het_site_CGD,,
142,1,2914720,TRUE,het,het,het,SC5314_het,het_site_CGD,,
143,1,2914720,TRUE,het,het,het,SC5314_het,het_site_CGD,,
144,1,2914720,TRUE,het,het,het,SC5314_het,het_site_CGD,,
149,2,172155,TRUE,het,het,het,SC5314_het,het_site_CGD,,
149,2,172143,TRUE,het,het,het,SC5314_het,het_site_CGD,,
150,2,172155,TRUE,het,het,het,SC5314_het,het_site_CGD,,
150,2,172143,TRUE,het,het,het,SC5314_het,het_site_CGD,,
152,2,172108,TRUE,het,het,het,SC5314_het,het_site_CGD,,
152,2,172101,TRUE,het,het,het,SC5314_het,het_site_CGD,,
163,2,457128,TRUE,het,het,het,SC5314_het,het_site_CGD,,
163,2,457133,TRUE,het,het,het,SC5314_het,het_site_CGD,,
164,2,457128,TRUE,het,het,het,SC5314_het,het_site_CGD,,
164,2,457133,TRUE,het,het,het,SC5314_het,het_site_CGD,,
170,2,960242,TRUE,het,het,het,SC5314_het,het_site_CGD,,
171,2,960242,TRUE,het,het,het,SC5314_het,het_site_CGD,,
172,2,960242,TRUE,het,het,het,SC5314_het,het_site_CGD,,
177,2,1007329,TRUE,A,A,A,SC5314_het,het_site_CGD,,
297,4,699613,TRUE,het,het,het,SC5314_het,het_site_CGD,,
298,4,699613,TRUE,het,het,het,SC5314_het,het_site_CGD,,
297,4,699615,TRUE,het,het,het,SC5314_het,het_site_CGD,,
298,4,699615,TRUE,het,het,het,SC5314_het,het_site_CGD,,
299,4,699615,TRUE,het,het,het,SC5314_het,het_site_CGD,,
306,4,1037108,TRUE,het,het,het,SC5314_het,het_site_CGD,,
306,4,1037110,TRUE,het,het,het,SC5314_het,het_site_CGD,,
307,4,1037011,TRUE,het,het,het,SC5314_het,het_site_CGD,,
319,5,276761,TRUE,het,A,A,SC5314_het,het_site_CGD,,
320,5,276761,TRUE,het,A,A,SC5314_het,het_site_CGD,,
325,5,390493,TRUE,het,B,B,SC5314_het,het_site_CGD,,
326,5,390493,TRUE,het,B,B,SC5314_het,het_site_CGD,,
327,5,390493,TRUE,het,B,B,SC5314_het,het_site_CGD,,
339,5,1171471,TRUE,het,A,het,SC5314_het,het_site_CGD,,also binds site on chr 1
345,6,240688,FALSE,NA,NA,NA,SC5314_het,het_site_CGD,,also binds site on chr 1
346,6,"240,730",TRUE,wt,het,wt,de_novo,het_site_CGD,,also binds site on chr 1
348,6,NA,TRUE,NA,NA,NA,SC5314_het,het_site_CGD,,
350,6,"404,878",TRUE,het,A,A,SC5314_het,het_site_CGD,,
353,6,495832,TRUE,het,A,A,SC5314_het,het_site_CGD,,
354,6,"495,801",TRUE,het,A,A,SC5314_het,het_site_CGD,,
355,6,"495,705",TRUE,het,A,A,SC5314_het,het_site_CGD,,
355,6,"495,706",TRUE,het,A,A,SC5314_het,het_site_CGD,,
367,6,897779,TRUE,het,het,het,SC5314_het,het_site_CGD,,
457,R,576881,TRUE,het,B,A,SC5314_het,het_site_CGD,,
458,R,576881,TRUE,het,B,A,SC5314_het,het_site_CGD,,
459,R,576881,TRUE,het,B,A,SC5314_het,het_site_CGD,,
464,R,688048,TRUE,het,B,het,SC5314_het,het_site_CGD,,
467,R,759801,TRUE,het,B,het,SC5314_het,het_site_CGD,,
473,R,894399,TRUE,het,B,het,SC5314_het,het_site_CGD,,
480,R,895968,TRUE,het,B,A,SC5314_het,het_site_CGD,,
480,R,895975,TRUE,het,B,A,SC5314_het,het_site_CGD,,
480,R,895981,TRUE,het,B,A,SC5314_het,het_site_CGD,,
484,R,928265,TRUE,het,B,het,SC5314_het,het_site_CGD,,
485,R,996980,TRUE,het,B,het,SC5314_het,het_site_CGD,,
485,R,996983,TRUE,het,B,het,SC5314_het,het_site_CGD,,
496,R,1426491,TRUE,het,het,het,SC5314_het,het_site_CGD,,
497,R,"1,605,778",TRUE,het,A,het,SC5314_het,het_site_CGD,,
497,R,"1,605,782",TRUE,het,A,het,SC5314_het,het_site_CGD,,
503,R,1672266,TRUE,het,A,het,SC5314_het,het_site_CGD,,
504,R,1672266,TRUE,het,A,het,SC5314_het,het_site_CGD,,
83,1,1553477,TRUE,het,het,het,de_novo,frs1_intersect,,
90,1,1725022,TRUE,het,het,het,de_novo,frs1_intersect,,
90,1,1725023,TRUE,het,het,het,de_novo,frs1_intersect,,
90,1,1725024,TRUE,het,het,het,de_novo,frs1_intersect,,
91,1,1725022,TRUE,het,het,het,de_novo,frs1_intersect,,
91,1,1725023,TRUE,het,het,het,de_novo,frs1_intersect,,
91,1,1725024,TRUE,het,het,het,de_novo,frs1_intersect,,
92,1,1725022,TRUE,het,het,het,de_novo,frs1_intersect,,
92,1,1725023,TRUE,het,het,het,de_novo,frs1_intersect,,
92,1,1725024,TRUE,het,het,het,de_novo,frs1_intersect,,
36,1,527740,TRUE,hom,het,alt,de_novo,fRS242_intersect,No effect on PAM,
54,1,709201,FALSE,het,het,A,de_novo,fRS242_intersect,,
66,1,1166804,TRUE,het,het,A,de_novo,fRS242_intersect,,
66,1,1166807,TRUE,het,het,A,de_novo,fRS242_intersect,,
66,1,1166815,TRUE,het,het,A,de_novo,fRS242_intersect,Partial deletion of sgRNA target in allele B,
129,1,"2,749,484",TRUE,het,B,het,de_novo,fRS242_intersect,Full deletion of sgRNA target in allele B,
130,1,"2,749,484",TRUE,het,B,het,de_novo,fRS242_intersect,,
133,1,"2,759,332",TRUE,het,B,het,de_novo,fRS242_intersect,,
133,1,"2,759,337",TRUE,het,B,het,de_novo,fRS242_intersect,,
134,1,"2,759,337",TRUE,het,B,het,de_novo,fRS242_intersect,,
135,1,"2,759,337",TRUE,het,B,het,de_novo,fRS242_intersect,,
136,1,2759337,TRUE,het,B,het,de_novo,fRS242_intersect,,
142,1,2914719,TRUE,het,het,het,SC5314_het,fRS242_intersect,,
143,1,2914719,TRUE,het,het,het,SC5314_het,fRS242_intersect,,
144,1,2914719,TRUE,het,het,het,SC5314_het,fRS242_intersect,,
213,2,2013123,TRUE,hom,het,het,de_novo,fRS242_intersect,,
213,2,2013127,TRUE,hom,het,het,de_novo,fRS242_intersect,,
214,2,2013123,TRUE,hom,het,het,de_novo,fRS242_intersect,,
214,2,2013127,TRUE,hom,het,het,de_novo,fRS242_intersect,,
215,2,2013123,TRUE,hom,het,het,de_novo,fRS242_intersect,,
215,2,2013127,TRUE,hom,het,het,de_novo,fRS242_intersect,,
216,2,2013123,TRUE,hom,het,het,de_novo,fRS242_intersect,,
216,2,2013127,TRUE,hom,het,het,de_novo,fRS242_intersect,,
221,3,220164,TRUE,het,het,A,de_novo,fRS242_intersect,,
222,3,220164,TRUE,het,het,A,de_novo,fRS242_intersect,No effect on PAM,
235,3,577602,FALSE,het,het,hety,de_novo,fRS242_intersect,,
239,3,1036432,TRUE,hom,het,het,de_novo,fRS242_intersect,,
240,3,1036432,TRUE,hom,het,het,de_novo,fRS242_intersect,,
247,3,1306056,TRUE,hom,het,het,de_novo,fRS242_intersect,,
370,7,30856,TRUE,hom,het,het,de_novo,fRS242_intersect,,
370,7,30862,TRUE,hom,het,het,de_novo,fRS242_intersect,,
371,7,30799,TRUE,hom,het,het,de_novo,fRS242_intersect,,
372,7,30799,TRUE,hom,het,het,de_novo,fRS242_intersect,coverage too low (<15x),
373,7,135337,FALSE,hom,NA,NA,de_novo,fRS242_intersect,coverage too low (<15x),
373,7,135343,FALSE,hom,NA,NA,de_novo,fRS242_intersect,coverage too low (<15x),
373,7,135345,FALSE,hom,NA,NA,de_novo,fRS242_intersect,coverage too low (<15x),
374,7,135337,FALSE,hom,NA,NA,de_novo,fRS242_intersect,coverage too low (<15x),
374,7,135343,FALSE,hom,NA,NA,de_novo,fRS242_intersect,coverage too low (<15x),
374,7,135345,FALSE,hom,NA,NA,de_novo,fRS242_intersect,No effect on PAM,
468,R,759801,FALSE,het,B,het,de_novo,fRS242_intersect,,
485,R,"996,993",TRUE,het,B,het,de_novo,fRS242_intersect,,
422,R,118253,TRUE,hom,hom,alt,de_novo,fRS246_intersect,,
422,R,118258,TRUE,hom,hom,alt,de_novo,fRS246_intersect,,
425,R,121945,TRUE,hom,hom,alt,de_novo,fRS246_intersect,,
428,R,122040,TRUE,hom,hom,alt,de_novo,fRS246_intersect,,
429,R,167172,FALSE,hom,hom,alt,de_novo,fRS246_intersect,No effect on PAM,
433,R,201849,TRUE,hom,hom,alt,de_novo,fRS246_intersect,,
435,R,201954,TRUE,hom,hom,alt,de_novo,fRS246_intersect,,
435,R,201957,TRUE,hom,hom,alt,de_novo,fRS246_intersect,,
436,R,201943,TRUE,hom,hom,alt,de_novo,fRS246_intersect,,
436,R,201954,TRUE,hom,hom,alt,de_novo,fRS246_intersect,,
436,R,201957,TRUE,hom,hom,alt,de_novo,fRS246_intersect,,
