,Gene,alias,SgRNA,Barcode,PAM,control,strand,atg_dist,B_mismatch,dist_TSS,abs_TSS_dist,GC_content,snp_fRS1,snp_hom_fRS1,snp_fRS242,snp_hom_fRS242,snp_fRS246,snp_hom_fRS246
0,C1_00220W,PHR2,1,TTGGCTTTCCTCCCCTTAAC,TGG,0,+,112.0,no,-9.0,9.0,0.5,0.0,0.0,0.0,0.0,0.0,0.0
1,C1_00220W,PHR2,2,TCCTTGAATTTCTTGGTAGA,AGG,0,-,45.0,no,58.0,58.0,0.35,0.0,0.0,0.0,0.0,0.0,0.0
2,C1_00220W,PHR2,3,CGATGATTCCTTGAATTTCT,TGG,0,-,38.0,no,65.0,65.0,0.35,0.0,0.0,0.0,0.0,0.0,0.0
3,C1_00220W,PHR2,4,CAACAGTAGCAGAATTGTAC,AGG,0,+,288.0,no,-185.0,185.0,0.4,0.0,0.0,0.0,0.0,0.0,0.0
4,C1_00400W,SVF1,5,TTAATGTCGCTTAGTGATGG,AGG,0,-,177.0,no,-89.0,89.0,0.4,0.0,0.0,0.0,0.0,0.0,0.0
5,C1_00400W,SVF1,6,AGTTTAATGTCGCTTAGTGA,TGG,0,-,174.0,no,-86.0,86.0,0.35,0.0,0.0,0.0,0.0,0.0,0.0
6,C1_00400W,SVF1,7,ATTAACAAAGGGTAAGGATC,AGG,0,-,94.0,no,-6.0,6.0,0.35,0.0,0.0,0.0,0.0,0.0,0.0
7,C1_00400W,SVF1,8,AGTGAGTACGACAAACAAAT,AGG,0,-,219.0,no,-131.0,131.0,0.35,0.0,0.0,0.0,0.0,0.0,0.0
8,C1_00450C,C1_00450C,9,CAATATACCTTTATCTTGTG,AGG,0,-,54.0,no,-8.0,8.0,0.3,0.0,0.0,0.0,0.0,0.0,0.0
9,C1_00450C,C1_00450C,10,ATGGCTAAATGACGAATTCA,CGG,0,+,288.0,no,-242.0,242.0,0.35,0.0,0.0,0.0,0.0,0.0,0.0
10,C1_00450C,C1_00450C,11,TGTCTCTGTCTCTAGCTTTC,AGG,0,-,233.0,no,-187.0,187.0,0.45,0.0,0.0,0.0,0.0,0.0,0.0
11,C1_00450C,C1_00450C,12,TGAAAAACCTCACAAGATAA,AGG,0,+,64.0,no,-18.0,18.0,0.3,0.0,0.0,0.0,0.0,0.0,0.0
12,C1_00510W,C1_00510W,13,CATTGTATTTCGTTCATCCT,CGG,0,+,157.0,no,-93.0,93.0,0.35,0.0,0.0,0.0,0.0,0.0,0.0
13,C1_00510W,C1_00510W,14,ATCTCGTTCCCCAACAAGTT,AGG,0,+,133.0,no,-69.0,69.0,0.45,0.0,0.0,0.0,0.0,0.0,0.0
14,C1_00510W,C1_00510W,15,TCTCGTTCCCCAACAAGTTA,GGG,0,+,132.0,no,-68.0,68.0,0.45,0.0,0.0,0.0,0.0,0.0,0.0
15,C1_00510W,C1_00510W,16,TGTTGGGGAACGAGATTCCG,AGG,0,-,137.0,no,-73.0,73.0,0.55,0.0,0.0,0.0,0.0,0.0,0.0
16,C1_01070C,KRP1,17,CATATGTTTCCAATAGTATC,GGG,0,-,197.0,no,-90.0,90.0,0.3,0.0,0.0,0.0,0.0,0.0,0.0
17,C1_01070C,KRP1,18,GTATGGGTATTCAAAGTTGT,GGG,0,-,63.0,no,44.0,44.0,0.35,0.0,0.0,0.0,0.0,0.0,0.0
18,C1_01070C,KRP1,19,TGTATGGGTATTCAAAGTTG,TGG,0,-,62.0,no,45.0,45.0,0.35,0.0,0.0,0.0,0.0,0.0,0.0
19,C1_01070C,KRP1,20,ATATAAGAACCCGATACTAT,TGG,0,+,209.0,no,-102.0,102.0,0.3,0.0,0.0,0.0,0.0,0.0,0.0
20,C1_01600W,MRP20,21,ATCTTGAAGGGAGGAGTAGA,AGG,0,+,252.0,no,-223.0,223.0,0.45,0.0,0.0,0.0,0.0,0.0,0.0
21,C1_01600W,MRP20,22,TTGAAGGGAGGAGTAGAAGG,TGG,0,+,249.0,no,-220.0,220.0,0.5,0.0,0.0,0.0,0.0,0.0,0.0
22,C1_01600W,MRP20,23,GAGGAGTAGAAGGTGGTGCA,AGG,0,+,242.0,no,-213.0,213.0,0.55,0.0,0.0,0.0,0.0,0.0,0.0
23,C1_01600W,MRP20,24,GTGGTGCAAGGTTGATTGAA,TGG,0,+,230.0,no,-201.0,201.0,0.45,0.0,0.0,0.0,0.0,0.0,0.0
24,C1_01950C,C1_01950C,25,ATACTTGAGGTAGTGTATGG,AGG,0,+,142.0,no,-115.0,115.0,0.4,0.0,0.0,0.0,0.0,0.0,0.0
25,C1_01950C,C1_01950C,26,CGACGATCGACTTCCGTCTC,AGG,0,+,221.0,no,-194.0,194.0,0.6,0.0,0.0,0.0,0.0,0.0,0.0
26,C1_01950C,C1_01950C,27,CTCAGGATTGTCGTGCATTC,CGG,0,+,204.0,no,-177.0,177.0,0.5,0.0,0.0,0.0,0.0,0.0,0.0
27,C1_01950C,C1_01950C,28,GATTGTCGTGCATTCCGGCT,AGG,0,+,199.0,no,-172.0,172.0,0.55,0.0,0.0,0.0,0.0,0.0,0.0
28,C1_02420C,GSC1,29,ATATTTAAAAAAAAAGAAGG,GGG,0,-,61.0,no,312.0,312.0,0.15,0.0,0.0,0.0,0.0,0.0,0.0
29,C1_02420C,GSC1,30,TTAGTATATCAGTTGGGTGT,TGG,0,-,32.0,no,341.0,341.0,0.35,0.0,0.0,0.0,0.0,0.0,0.0
30,C1_02420C,GSC1,31,GATAAGTTAGTATATCAGTT,GGG,0,-,26.0,no,347.0,347.0,0.25,0.0,0.0,0.0,0.0,0.0,0.0
31,C1_02420C,GSC1,32,AGATAAGTTAGTATATCAGT,TGG,0,-,25.0,no,348.0,348.0,0.25,0.0,0.0,0.0,0.0,0.0,0.0
32,C1_02510W,C1_02510W,33,TGAACTTAGAGTCCGTATAC,TGG,0,+,144.0,no,-83.0,83.0,0.4,0.0,0.0,0.0,0.0,0.0,0.0
33,C1_02510W,C1_02510W,34,ATTGACGTGTTCATAAAATG,TGG,0,-,163.0,no,-102.0,102.0,0.3,0.0,0.0,0.0,0.0,0.0,0.0
34,C1_02510W,C1_02510W,35,AGTTACGATCTTTGTTGTTG,TGG,0,-,26.0,no,35.0,35.0,0.35,0.0,0.0,0.0,0.0,0.0,0.0
35,C1_02510W,C1_02510W,36,ATATTGAAGGGGTTGGTTAT,TGG,0,-,280.0,no,-219.0,219.0,0.35,0.0,0.0,0.0,0.0,0.0,0.0
36,C1_02620C,HOM6,37,CTACTGTTGTTGTTGCGTCT,GGG,0,+,168.0,no,-138.0,138.0,0.45,0.0,0.0,1.0,0.0,1.0,1.0
37,C1_02620C,HOM6,38,TACTGTTGTTGTTGCGTCTG,GGG,0,+,167.0,no,-137.0,137.0,0.45,0.0,0.0,0.0,0.0,0.0,0.0
38,C1_02620C,HOM6,39,TGCGTCTGGGGCGCCTTTAC,CGG,0,+,155.0,no,-125.0,125.0,0.65,0.0,0.0,0.0,0.0,0.0,0.0
39,C1_02620C,HOM6,40,ACTCCTTCCGATCTTGTTAC,CGG,0,-,133.0,no,-103.0,103.0,0.45,0.0,0.0,0.0,0.0,0.0,0.0
40,C1_02660C,MGM101,41,TGATAAATTACACAGCTTTA,AGG,0,+,151.0,no,-96.0,96.0,0.25,0.0,0.0,0.0,0.0,0.0,0.0
41,C1_02660C,MGM101,42,TAAATTACACAGCTTTAAGG,TGG,0,+,148.0,no,-93.0,93.0,0.3,0.0,0.0,0.0,0.0,0.0,0.0
42,C1_02660C,MGM101,43,TAAGGTGGTGTCTAACATCT,TGG,0,+,133.0,no,-78.0,78.0,0.4,0.0,0.0,0.0,0.0,0.0,0.0
43,C1_02660C,MGM101,44,AATAACAAATGAGTTGGCGA,CGG,0,-,49.0,no,6.0,6.0,0.35,0.0,0.0,0.0,0.0,0.0,0.0
44,C1_02960C,C1_02960C,45,TGATTGTTATAGAACAATGG,TGG,0,-,202.0,no,-136.0,136.0,0.3,0.0,0.0,0.0,0.0,0.0,0.0
45,C1_02960C,C1_02960C,46,CTTTGATTGTTATAGAACAA,TGG,0,-,199.0,no,-133.0,133.0,0.25,0.0,0.0,0.0,0.0,0.0,0.0
46,C1_02960C,C1_02960C,47,AAAAGAATCATTAACGGGGA,TGG,0,+,56.0,no,10.0,10.0,0.35,0.0,0.0,0.0,0.0,0.0,0.0
47,C1_02960C,C1_02960C,48,AAAGAATCATTAACGGGGAT,GGG,0,+,55.0,no,11.0,11.0,0.35,0.0,0.0,0.0,0.0,0.0,0.0
48,C1_03280W,C1_03280W,49,TCTTGCCTATAAGTTGAAGA,AGG,0,+,177.0,no,-126.0,126.0,0.35,0.0,0.0,0.0,0.0,0.0,0.0
49,C1_03280W,C1_03280W,50,CTTGCCTATAAGTTGAAGAA,GGG,0,+,176.0,no,-125.0,125.0,0.35,0.0,0.0,0.0,0.0,0.0,0.0
50,C1_03280W,C1_03280W,51,AAGGGAAACAAAAAGTAGTG,TGG,0,+,158.0,no,-107.0,107.0,0.35,0.0,0.0,0.0,0.0,0.0,0.0
51,C1_03280W,C1_03280W,52,ATAGGCATACGTACTAACAG,TGG,0,-,252.0,no,-201.0,201.0,0.4,0.0,0.0,0.0,0.0,0.0,0.0
52,C1_03380W,TPS2,53,TAACAGATTCGAAGGTTCGC,CGG,0,-,203.0,no,-151.0,151.0,0.45,0.0,0.0,0.0,0.0,0.0,0.0
53,C1_03380W,TPS2,54,TTACATATGGCGTGCCCCCT,AGG,0,+,272.0,no,-220.0,220.0,0.55,0.0,0.0,0.0,0.0,0.0,0.0
54,C1_03380W,TPS2,55,GTACCGACAATTGATATTTA,TGG,0,-,119.0,no,-67.0,67.0,0.3,0.0,0.0,0.0,0.0,0.0,0.0
55,C1_03380W,TPS2,56,AAACGAAAGTCAACTAAAAA,GGG,0,-,77.0,no,-25.0,25.0,0.25,0.0,0.0,0.0,0.0,0.0,0.0
56,C1_03980W,SPC19,57,TAATAAGATGATATTGTGTG,TGG,0,-,91.0,no,3.0,3.0,0.25,0.0,0.0,0.0,0.0,0.0,0.0
57,C1_03980W,SPC19,58,TTGAAAAAGGTCTAAGTAGA,TGG,0,-,63.0,no,31.0,31.0,0.3,0.0,0.0,0.0,0.0,0.0,0.0
58,C1_03980W,SPC19,59,ATATATGTATTAATTGAAAA,AGG,0,-,50.0,no,44.0,44.0,0.1,0.0,0.0,0.0,0.0,0.0,0.0
59,C1_03980W,SPC19,60,TATATCTATGTGTATCTTAA,GGG,0,-,21.0,no,73.0,73.0,0.2,0.0,0.0,0.0,0.0,0.0,0.0
60,C1_05500W,RSM22,61,TAAGACACAAAAGTGGAAAC,AGG,0,+,94.0,no,,,0.35,1.0,0.0,1.0,0.0,1.0,1.0
61,C1_05500W,RSM22,62,ACACAAAAGTGGAAACAGGA,AGG,0,+,90.0,no,,,0.4,0.0,0.0,0.0,0.0,0.0,0.0
62,C1_05500W,RSM22,63,GTCGTTGTTTCTCATTTGGT,TGG,0,+,209.0,no,,,0.4,0.0,0.0,0.0,0.0,0.0,0.0
63,C1_05500W,RSM22,64,TCTCATTTGGTTGGTTGGTC,TGG,0,+,200.0,no,,,0.45,0.0,0.0,0.0,0.0,0.0,0.0
64,C1_05560W,RIB4,65,ATAAAACATATCATCATAAC,TGG,0,+,273.0,no,427.0,427.0,0.2,0.0,0.0,0.0,0.0,0.0,0.0
65,C1_05560W,RIB4,66,TTCTTCGTTGTCGTCGTTGT,TGG,0,+,64.0,no,636.0,636.0,0.45,0.0,0.0,0.0,0.0,0.0,0.0
66,C1_05560W,RIB4,67,TTCACATGCTTATATACAGG,CGG,0,-,27.0,no,673.0,673.0,0.35,3.0,0.0,3.0,0.0,0.0,0.0
67,C1_05560W,RIB4,68,GTGTTCACATGCTTATATAC,AGG,0,-,24.0,no,676.0,676.0,0.35,0.0,0.0,0.0,0.0,0.0,0.0
68,C1_05780W,RSC9,69,CCAAGATGCATAGCTCTTGA,TGG,0,+,274.0,no,-184.0,184.0,0.45,1.0,0.0,1.0,0.0,1.0,1.0
69,C1_05780W,RSC9,70,TATGCATCTTGGCTGAGTAT,AGG,0,-,282.0,no,-192.0,192.0,0.4,0.0,0.0,0.0,0.0,0.0,0.0
70,C1_05780W,RSC9,71,CCATCAAGAGCTATGCATCT,TGG,0,-,271.0,no,-181.0,181.0,0.45,0.0,0.0,0.0,0.0,0.0,0.0
71,C1_05780W,RSC9,72,CATATTGCAAAATATTGACA,TGG,0,+,204.0,no,-114.0,114.0,0.25,0.0,0.0,0.0,0.0,0.0,0.0
72,C1_06230C,MDM34,73,CTAACGGGTTATTCGTACTT,TGG,0,+,57.0,no,238.0,238.0,0.4,0.0,0.0,0.0,0.0,0.0,0.0
73,C1_06230C,MDM34,74,TACGAATAACCCGTTAGAAT,TGG,0,-,60.0,no,235.0,235.0,0.35,0.0,0.0,0.0,0.0,0.0,0.0
74,C1_06230C,MDM34,75,AAAAGTGTGCAAAAAGCTAT,AGG,0,-,19.0,no,276.0,276.0,0.3,0.0,0.0,0.0,0.0,0.0,0.0
75,C1_06230C,MDM34,76,TATATTTGAATCTACCACTT,TGG,0,+,229.0,no,66.0,66.0,0.25,0.0,0.0,0.0,0.0,0.0,0.0
76,C1_06850W,PCL7,77,AGACCATTATCACAGCTATT,CGG,0,+,269.0,no,337.0,337.0,0.35,0.0,0.0,0.0,0.0,0.0,0.0
77,C1_06850W,PCL7,78,GTATGTTTCTATTATAATGG,GGG,0,-,27.0,no,579.0,579.0,0.25,0.0,0.0,0.0,0.0,0.0,0.0
78,C1_06850W,PCL7,79,TTTGTATGTTTCTATTATAA,TGG,0,-,24.0,no,582.0,582.0,0.15,0.0,0.0,0.0,0.0,0.0,0.0
79,C1_06850W,PCL7,80,ATACCGAATAGCTGTGATAA,TGG,0,-,263.0,no,343.0,343.0,0.35,0.0,0.0,0.0,0.0,0.0,0.0
80,C1_07240W,YPD1,81,GCAGTGATAACCAATCAAGA,CGG,0,+,85.0,no,62.0,62.0,0.4,0.0,0.0,0.0,0.0,0.0,0.0
81,C1_07240W,YPD1,82,CAATGTAGTGCCGTCTTGAT,TGG,0,-,72.0,no,75.0,75.0,0.45,0.0,0.0,0.0,0.0,0.0,0.0
82,C1_07240W,YPD1,83,AAAGTTCTTGGAATACTAAG,AGG,0,+,36.0,no,111.0,111.0,0.3,0.0,0.0,0.0,0.0,0.0,0.0
83,C1_07240W,YPD1,84,TGTTAGCGCCAAAGAAAAAG,AGG,0,-,227.0,no,-80.0,80.0,0.4,3.0,0.0,3.0,0.0,3.0,0.0
84,C1_07600W,ATP7,85,ATAGGTGTCACGTGAAACAG,TGG,0,+,278.0,no,-216.0,216.0,0.45,0.0,0.0,0.0,0.0,0.0,0.0
85,C1_07600W,ATP7,86,ATGGTTGTAAGAATTTGTGT,TGG,0,-,62.0,no,0.0,0.0,0.3,0.0,0.0,0.0,0.0,0.0,0.0
86,C1_07600W,ATP7,87,GGATATTGCTATTGAAGATG,TGG,0,-,31.0,no,31.0,31.0,0.35,0.0,0.0,0.0,0.0,0.0,0.0
87,C1_07600W,ATP7,88,AAATCTATGTCGTGTAGAAA,TGG,0,+,235.0,no,-173.0,173.0,0.3,0.0,0.0,0.0,0.0,0.0,0.0
88,C1_07910C,MRPL3,89,AAGCTGGAACAAATGTGAGA,AGG,0,+,175.0,no,-31.0,31.0,0.4,0.0,0.0,0.0,0.0,0.0,0.0
89,C1_07910C,MRPL3,90,TTTAGTCTTACCACTGGAAA,GGG,0,+,46.0,no,98.0,98.0,0.35,0.0,0.0,0.0,0.0,0.0,0.0
90,C1_07910C,MRPL3,91,TTAGTCTTACCACTGGAAAG,GGG,0,+,45.0,no,99.0,99.0,0.4,3.0,0.0,3.0,0.0,3.0,0.0
91,C1_07910C,MRPL3,92,TTCCAGTGGTAAGACTAAAA,TGG,0,-,47.0,no,97.0,97.0,0.35,3.0,0.0,3.0,0.0,3.0,0.0
92,C1_08920W,C1_08920W,93,TTCTTCCTTCGATTACCCAT,TGG,0,-,85.0,no,-48.0,48.0,0.4,3.0,0.0,3.0,0.0,3.0,0.0
93,C1_08920W,C1_08920W,94,TTATGTGGTTATTGTTGGGG,TGG,0,-,50.0,no,-13.0,13.0,0.4,0.0,0.0,0.0,0.0,0.0,0.0
94,C1_08920W,C1_08920W,95,GTTGTGGACTGTTGATTATG,TGG,0,-,35.0,no,2.0,2.0,0.4,0.0,0.0,0.0,0.0,0.0,0.0
95,C1_08920W,C1_08920W,96,GTGGGGTAAGGGGGTGGTTG,TGG,0,-,19.0,no,18.0,18.0,0.65,0.0,0.0,0.0,0.0,0.0,0.0
96,C1_09030C,COX5,97,TTGAATACTTGTTGGGGGAG,GGG,0,-,11.0,no,431.0,431.0,0.45,0.0,0.0,0.0,0.0,0.0,0.0
97,C1_09030C,COX5,98,TAGTTAGTGGGATTTGGTAC,AGG,0,-,154.0,no,288.0,288.0,0.4,0.0,0.0,0.0,0.0,0.0,0.0
98,C1_09030C,COX5,99,TAAAATTAGTTAGTGGGATT,TGG,0,-,148.0,no,294.0,294.0,0.25,0.0,0.0,0.0,0.0,0.0,0.0
99,C1_09030C,COX5,100,GATTGGTTAAAATTAGTTAG,TGG,0,-,141.0,no,301.0,301.0,0.25,0.0,0.0,0.0,0.0,0.0,0.0
100,C1_09450C,NUP188,101,AGACGTGGAAACTAGTAAAA,GGG,0,+,16.0,no,54.0,54.0,0.35,0.0,0.0,0.0,0.0,0.0,0.0
101,C1_09450C,NUP188,102,GTATTTATTCGCAACACGCC,AGG,0,+,263.0,no,-193.0,193.0,0.45,0.0,0.0,0.0,0.0,0.0,0.0
102,C1_09450C,NUP188,103,ACTAGTTTCCACGTCTTAAT,TGG,0,-,20.0,no,50.0,50.0,0.35,0.0,0.0,0.0,0.0,0.0,0.0
103,C1_09450C,NUP188,104,TCTTTGATGGTTTAACTTCC,TGG,0,-,242.0,no,-172.0,172.0,0.35,0.0,0.0,0.0,0.0,0.0,0.0
104,C1_09960W,PET100,105,AGGGGAAACTAAGTTTAGTT,TGG,0,-,68.0,no,-35.0,35.0,0.35,0.0,0.0,0.0,0.0,0.0,0.0
105,C1_09960W,PET100,106,CCAATTTATTGCCGCTGTTA,AGG,0,+,228.0,no,-195.0,195.0,0.4,0.0,0.0,0.0,0.0,0.0,0.0
106,C1_09960W,PET100,107,CCTTAACAGCGGCAATAAAT,TGG,0,-,225.0,no,-192.0,192.0,0.4,0.0,0.0,0.0,0.0,0.0,0.0
107,C1_09960W,PET100,108,CACAATAGTTACCTTAACAG,CGG,0,-,214.0,no,-181.0,181.0,0.35,0.0,0.0,0.0,0.0,0.0,0.0
108,C1_10960W,C1_10960W,109,TGTCCGTTAGATTCCTGATG,AGG,0,+,169.0,no,-137.0,137.0,0.45,0.0,0.0,0.0,0.0,0.0,0.0
109,C1_10960W,C1_10960W,110,CAACCTCATCAGGAATCTAA,CGG,0,-,163.0,no,-131.0,131.0,0.4,0.0,0.0,0.0,0.0,0.0,0.0
110,C1_10960W,C1_10960W,111,GGTGGTTGTTTATGGATTGA,AGG,0,-,26.0,no,6.0,6.0,0.4,0.0,0.0,0.0,0.0,0.0,0.0
111,C1_10960W,C1_10960W,112,GTTTGAAGGGTGGTTGTTTA,TGG,0,-,18.0,no,14.0,14.0,0.4,0.0,0.0,0.0,0.0,0.0,0.0
112,C1_11240C,CHO1,113,AAGAAGAGCTGAATGTGAGG,AGG,0,-,44.0,no,12.0,12.0,0.45,0.0,0.0,0.0,0.0,0.0,0.0
113,C1_11240C,CHO1,114,TGGAAGAAGAGCTGAATGTG,AGG,0,-,41.0,no,15.0,15.0,0.45,0.0,0.0,0.0,0.0,0.0,0.0
114,C1_11240C,CHO1,115,TATGTGTGGAGTAAGAAAAG,TGG,0,-,21.0,no,35.0,35.0,0.35,0.0,0.0,0.0,0.0,0.0,0.0
115,C1_11240C,CHO1,116,CCTTAAGGCAAAATTACAAT,AGG,0,-,243.0,no,-187.0,187.0,0.3,0.0,0.0,0.0,0.0,0.0,0.0
116,C1_11500C,ARO7,117,GAATTGTAATAGCTTTATTG,TGG,0,-,30.0,no,28.0,28.0,0.25,0.0,0.0,0.0,0.0,0.0,0.0
117,C1_11500C,ARO7,118,TACGTTGATTTCGAAATCCC,GGG,0,+,232.0,no,-174.0,174.0,0.4,0.0,0.0,0.0,0.0,0.0,0.0
118,C1_11500C,ARO7,119,ACGTTGATTTCGAAATCCCG,GGG,0,+,231.0,no,-173.0,173.0,0.45,1.0,0.0,1.0,1.0,1.0,0.0
119,C1_11500C,ARO7,120,GTTCAATATATACATTACCC,CGG,0,-,211.0,no,-153.0,153.0,0.3,1.0,0.0,1.0,1.0,1.0,0.0
120,C1_12260W,VPH2,121,TCGCATTAGACGAGAGATTC,AGG,0,+,108.0,no,-19.0,19.0,0.45,1.0,0.0,1.0,1.0,1.0,0.0
121,C1_12260W,VPH2,122,CGCATTAGACGAGAGATTCA,GGG,0,+,107.0,no,-18.0,18.0,0.45,0.0,0.0,0.0,0.0,0.0,0.0
122,C1_12260W,VPH2,123,ATGAGGCTAGATTTGATTAA,TGG,0,-,27.0,no,62.0,62.0,0.3,0.0,0.0,0.0,0.0,0.0,0.0
123,C1_12260W,VPH2,124,GTTGCTATAAATAATAATAA,TGG,0,-,269.0,no,-180.0,180.0,0.15,0.0,0.0,0.0,0.0,0.0,0.0
124,C1_12360C,RIB3,125,TATTAAATAACACAAACTAG,GGG,0,-,142.0,no,73.0,73.0,0.2,0.0,0.0,0.0,0.0,0.0,0.0
125,C1_12360C,RIB3,126,TGTATTAAATAACACAAACT,AGG,0,-,140.0,no,75.0,75.0,0.2,0.0,0.0,0.0,0.0,0.0,0.0
126,C1_12360C,RIB3,127,TATATATAAAGAAAGGGAGT,TGG,0,-,14.0,no,201.0,201.0,0.25,0.0,0.0,0.0,0.0,0.0,0.0
127,C1_12360C,RIB3,128,AAAGATCAGTTATATTTGTA,TGG,0,-,239.0,no,-24.0,24.0,0.2,0.0,0.0,0.0,0.0,0.0,0.0
128,C1_12610W,C1_12610W,129,AATTTGAGGAATAATAATAT,TGG,0,-,131.0,no,-88.0,88.0,0.15,0.0,0.0,0.0,0.0,0.0,0.0
129,C1_12610W,C1_12610W,130,AGAAAGAACAAATGAATTTG,AGG,0,-,117.0,no,-74.0,74.0,0.25,1.0,0.0,1.0,1.0,1.0,0.0
130,C1_12610W,C1_12610W,131,GTGATAATGTTATATGTTGT,CGG,0,-,28.0,no,15.0,15.0,0.25,1.0,0.0,1.0,1.0,1.0,0.0
131,C1_12610W,C1_12610W,132,TGAGATGAGATTGAATATGA,AGG,0,+,213.0,no,-170.0,170.0,0.3,0.0,0.0,0.0,0.0,0.0,0.0
132,C1_12660W,C1_12660W,133,GATTGAAAGGCGGACGGGGA,GGG,0,-,233.0,no,-141.0,141.0,0.6,0.0,0.0,0.0,0.0,0.0,0.0
133,C1_12660W,C1_12660W,134,ATTGGATTGAAAGGCGGACG,GGG,0,-,229.0,no,-137.0,137.0,0.5,2.0,0.0,2.0,2.0,2.0,0.0
134,C1_12660W,C1_12660W,135,GATTGGATTGAAAGGCGGAC,GGG,0,-,228.0,no,-136.0,136.0,0.5,1.0,0.0,1.0,1.0,1.0,0.0
135,C1_12660W,C1_12660W,136,AGATTGGATTGAAAGGCGGA,CGG,0,-,227.0,no,-135.0,135.0,0.45,1.0,0.0,1.0,1.0,1.0,0.0
136,C1_12810W,RIB7,137,CAAATTGCCTCCCACCACCA,AGG,0,+,145.0,no,-70.0,70.0,0.55,1.0,0.0,1.0,1.0,1.0,0.0
137,C1_12810W,RIB7,138,AAATTGCCTCCCACCACCAA,GGG,0,+,144.0,no,-69.0,69.0,0.5,0.0,0.0,0.0,0.0,0.0,0.0
138,C1_12810W,RIB7,139,GGTTGGTTGGTAGATTTCAA,GGG,0,-,67.0,no,8.0,8.0,0.4,0.0,0.0,0.0,0.0,0.0,0.0
139,C1_12810W,RIB7,140,ATTGGGGTTTGTTTGTTAGT,TGG,0,+,240.0,no,-165.0,165.0,0.35,0.0,0.0,0.0,0.0,0.0,0.0
140,C1_13370W,C1_13370W,141,AATGTTGATTTATCCATTAT,GGG,0,+,237.0,no,-172.0,172.0,0.2,0.0,0.0,0.0,0.0,0.0,0.0
141,C1_13370W,C1_13370W,142,TATCCATTATGGGGATGTGG,TGG,0,+,227.0,no,-162.0,162.0,0.45,0.0,0.0,0.0,0.0,0.0,0.0
142,C1_13370W,C1_13370W,143,CCATTATGGGGATGTGGTGG,TGG,0,+,224.0,no,-159.0,159.0,0.55,2.0,0.0,2.0,0.0,2.0,0.0
143,C1_13370W,C1_13370W,144,CCACCACCACATCCCCATAA,TGG,0,-,221.0,no,-156.0,156.0,0.55,2.0,0.0,2.0,0.0,2.0,0.0
144,C2_00710W,NPL6,145,AAGGATTCTGCAAATTAAAA,AGG,0,+,244.0,no,-209.0,209.0,0.25,2.0,0.0,2.0,0.0,2.0,0.0
145,C2_00710W,NPL6,146,GATTCTGCAAATTAAAAAGG,AGG,0,+,241.0,no,-206.0,206.0,0.3,0.0,0.0,0.0,0.0,0.0,0.0
146,C2_00710W,NPL6,147,ATTCTGCAAATTAAAAAGGA,GGG,0,+,240.0,no,-205.0,205.0,0.25,0.0,0.0,0.0,0.0,0.0,0.0
147,C2_00710W,NPL6,148,TTCTGCAAATTAAAAAGGAG,GGG,0,+,239.0,no,-204.0,204.0,0.3,0.0,0.0,0.0,0.0,0.0,0.0
148,C2_01030W,C2_01030W,149,CTATGTGTTGAAAATATAAT,AGG,0,+,168.0,yes,-154.0,154.0,0.2,0.0,0.0,0.0,0.0,0.0,0.0
149,C2_01030W,C2_01030W,150,CTATTATATTTTCAACACAT,AGG,0,-,166.0,yes,-152.0,152.0,0.2,2.0,0.0,2.0,0.0,2.0,0.0
150,C2_01030W,C2_01030W,151,GCTGAACGTCAAATAGCTAC,TGG,0,-,83.0,no,-69.0,69.0,0.45,2.0,0.0,2.0,0.0,2.0,0.0
151,C2_01030W,C2_01030W,152,GATTTACATTCTGAAGATTC,TGG,0,+,221.0,yes,-207.0,207.0,0.3,0.0,0.0,0.0,0.0,0.0,0.0
152,C2_01200C,REG1,153,AAGATGGGTTATGTGTGTGT,GGG,0,-,118.0,no,313.0,313.0,0.4,2.0,0.0,2.0,0.0,2.0,0.0
153,C2_01200C,REG1,154,AAAGATGGGTTATGTGTGTG,TGG,0,-,117.0,no,314.0,314.0,0.4,0.0,0.0,0.0,0.0,0.0,0.0
154,C2_01200C,REG1,155,GACAACGACAACGATAAAGA,TGG,0,-,102.0,no,329.0,329.0,0.4,0.0,0.0,0.0,0.0,0.0,0.0
155,C2_01200C,REG1,156,ATAAACTCCGTATAAGATTG,GGG,0,-,228.0,no,203.0,203.0,0.3,0.0,0.0,0.0,0.0,0.0,0.0
156,C2_01300C,MNN24,157,AATAAGATAGAAAAGATGAA,TGG,0,-,198.0,no,-1.0,1.0,0.2,0.0,0.0,0.0,0.0,0.0,0.0
157,C2_01300C,MNN24,158,GAACAAGTGAATAAGGTGAT,GGG,0,-,70.0,no,127.0,127.0,0.35,0.0,0.0,0.0,0.0,0.0,0.0
158,C2_01300C,MNN24,159,TGAACAAGTGAATAAGGTGA,TGG,0,-,69.0,no,128.0,128.0,0.35,0.0,0.0,0.0,0.0,0.0,0.0
159,C2_01300C,MNN24,160,GCTCCCTCAGAATTAGGTAT,TGG,0,-,30.0,no,167.0,167.0,0.45,0.0,0.0,0.0,0.0,0.0,0.0
160,C2_02270C,C2_02270C,161,AAAAAAATTAAAGTGAGAAC,GGG,0,-,205.0,no,-160.0,160.0,0.2,0.0,0.0,0.0,0.0,0.0,0.0
161,C2_02270C,C2_02270C,162,TATGTATATATCTTTGTTTA,TGG,0,-,20.0,no,25.0,25.0,0.15,0.0,0.0,0.0,0.0,0.0,0.0
162,C2_02270C,C2_02270C,163,AACAAACAAACAACTAACAT,AGG,0,+,242.0,no,-197.0,197.0,0.25,0.0,0.0,0.0,0.0,0.0,0.0
163,C2_02270C,C2_02270C,164,AAACAACTAACATAGGTTTA,TGG,0,+,235.0,no,-190.0,190.0,0.25,2.0,0.0,2.0,0.0,2.0,0.0
164,C2_03560C,C2_03560C,165,TGGCGCAAAGGACAAAAAAA,AGG,0,+,125.0,no,-99.0,99.0,0.4,2.0,0.0,2.0,0.0,2.0,0.0
165,C2_03560C,C2_03560C,166,AGGAAATTCGCCAGAACTCT,TGG,0,+,105.0,no,-79.0,79.0,0.45,0.0,0.0,0.0,0.0,0.0,0.0
166,C2_03560C,C2_03560C,167,GGCACTATCACCAAGAGTTC,TGG,0,-,92.0,no,-66.0,66.0,0.5,0.0,0.0,0.0,0.0,0.0,0.0
167,C2_03560C,C2_03560C,168,CAAGAATAATGCTTGATTTC,TGG,0,-,37.0,no,-11.0,11.0,0.3,0.0,0.0,0.0,0.0,0.0,0.0
168,C2_04590C,QCR8,169,TTATTGGTCAGACTATATGC,AGG,0,-,163.0,no,-132.0,132.0,0.35,0.0,0.0,0.0,0.0,0.0,0.0
169,C2_04590C,QCR8,170,TCTCTCTCTCACTTTGGTGG,TGG,0,-,109.0,no,-78.0,78.0,0.5,0.0,0.0,0.0,0.0,0.0,0.0
170,C2_04590C,QCR8,171,CTCTCTCTCTCTCACTTTGG,TGG,0,-,106.0,no,-75.0,75.0,0.5,1.0,0.0,1.0,0.0,1.0,0.0
171,C2_04590C,QCR8,172,TCTCTCTCTCTCTCTCACTT,TGG,0,-,103.0,no,-72.0,72.0,0.45,1.0,0.0,1.0,0.0,1.0,0.0
172,C2_04710C,URE2,173,GGAATTTGATATATTTATGG,AGG,0,-,262.0,no,182.0,182.0,0.25,1.0,0.0,1.0,0.0,1.0,0.0
173,C2_04710C,URE2,174,ATGGGAATTTGATATATTTA,TGG,0,-,259.0,no,185.0,185.0,0.2,0.0,0.0,0.0,0.0,0.0,0.0
174,C2_04710C,URE2,175,TGTGATAATTGATGGAATAA,TGG,0,-,240.0,no,204.0,204.0,0.25,0.0,0.0,0.0,0.0,0.0,0.0
175,C2_04710C,URE2,176,TTATAATCTGTGATAATTGA,TGG,0,-,232.0,no,212.0,212.0,0.2,0.0,0.0,0.0,0.0,0.0,0.0
176,C2_04800C,MDM10,177,GTGGTTGATGTGGTTTGGTC,TGG,0,-,133.0,no,-11.0,11.0,0.5,0.0,0.0,0.0,0.0,0.0,0.0
177,C2_04800C,MDM10,178,TAAAATGTTGATGGTTGATG,TGG,0,-,114.0,no,8.0,8.0,0.3,0.0,0.0,0.0,0.0,0.0,0.0
178,C2_04800C,MDM10,179,TACATAATCACACTAATTAT,TGG,0,+,245.0,no,-123.0,123.0,0.2,0.0,0.0,0.0,0.0,0.0,0.0
179,C2_04800C,MDM10,180,ATTAGTGTGATTATGTAAGC,AGG,0,-,248.0,no,-126.0,126.0,0.3,0.0,0.0,0.0,0.0,0.0,0.0
180,C2_04810W,HIS3,183,TTATTCATTACATAACTTAT,AGG,0,+,36.0,no,40.0,40.0,0.15,0.0,0.0,0.0,0.0,0.0,0.0
181,C2_04810W,HIS3,184,TCGTTTGTGCTTTAACTTCT,TGG,0,+,259.0,no,-183.0,183.0,0.35,0.0,0.0,0.0,0.0,0.0,0.0
182,C2_05500W,ATP4,185,AGATACTAGATTTCCTATTT,AGG,0,-,170.0,no,-140.0,140.0,0.25,0.0,0.0,0.0,0.0,0.0,0.0
183,C2_05500W,ATP4,186,GAGCGAGAAACAAATATGAT,TGG,0,-,146.0,no,-116.0,116.0,0.35,0.0,0.0,0.0,0.0,0.0,0.0
184,C2_05500W,ATP4,187,TGTAAATGTGAAAGAAAGGG,AGG,0,+,79.0,no,-49.0,49.0,0.35,0.0,0.0,0.0,0.0,0.0,0.0
185,C2_05500W,ATP4,188,GTAAATGTGAAAGAAAGGGA,GGG,0,+,78.0,no,-48.0,48.0,0.35,0.0,0.0,0.0,0.0,0.0,0.0
186,C2_06120C,C2_06120C,189,AATTTGGAACGCGTTTATTA,TGG,0,+,117.0,no,-105.0,105.0,0.3,0.0,0.0,0.0,0.0,0.0,0.0
187,C2_06120C,C2_06120C,190,AACGCGTTCCAAATTTGTTC,AGG,0,-,122.0,no,-110.0,110.0,0.4,0.0,0.0,0.0,0.0,0.0,0.0
188,C2_06120C,C2_06120C,191,CGTGTGTCTGTGCAGGCTGT,TGG,0,+,288.0,no,-276.0,276.0,0.6,0.0,0.0,0.0,0.0,0.0,0.0
189,C2_06120C,C2_06120C,192,GTGTGTCTGTGCAGGCTGTT,GGG,0,+,287.0,no,-275.0,275.0,0.55,0.0,0.0,0.0,0.0,0.0,0.0
190,C2_06290C,ATP14,193,CACACACTTGAGTTGATTTG,TGG,0,+,117.0,no,-86.0,86.0,0.4,0.0,0.0,0.0,0.0,0.0,0.0
191,C2_06290C,ATP14,194,CACTTGAGTTGATTTGTGGA,AGG,0,+,113.0,no,-82.0,82.0,0.4,0.0,0.0,0.0,0.0,0.0,0.0
192,C2_06290C,ATP14,195,CTTGAGTTGATTTGTGGAAG,GGG,0,+,111.0,no,-80.0,80.0,0.4,0.0,0.0,0.0,0.0,0.0,0.0
193,C2_06290C,ATP14,196,CAACTCAAGTGTGTGCGATT,CGG,0,-,122.0,no,-91.0,91.0,0.45,0.0,0.0,0.0,0.0,0.0,0.0
194,C2_07670C,GLE1,197,TTACGGAATAGAAAATGTAG,GGG,0,-,112.0,no,24.0,24.0,0.3,0.0,0.0,0.0,0.0,0.0,0.0
195,C2_07670C,GLE1,198,TTGTATGATTCAGATACTAG,GGG,0,-,81.0,no,55.0,55.0,0.3,0.0,0.0,0.0,0.0,0.0,0.0
196,C2_07670C,GLE1,199,TAGTCTGTGATTCACCAAAT,TGG,0,+,256.0,no,-120.0,120.0,0.35,0.0,0.0,0.0,0.0,0.0,0.0
197,C2_07670C,GLE1,200,AACACTCATGAATGAGATAG,TGG,0,+,286.0,no,-150.0,150.0,0.35,0.0,0.0,0.0,0.0,0.0,0.0
198,C2_07680W,C2_07680W,201,GTTAACGTCGGTCTTTCTTC,TGG,0,-,156.0,no,-135.0,135.0,0.45,0.0,0.0,0.0,0.0,0.0,0.0
199,C2_07680W,C2_07680W,202,TTCTCCCTCTCCATTCTGTT,TGG,0,+,84.0,no,-63.0,63.0,0.45,0.0,0.0,0.0,0.0,0.0,0.0
200,C2_07680W,C2_07680W,203,CTAACCAAACAGAATGGAGA,GGG,0,-,77.0,no,-56.0,56.0,0.4,0.0,0.0,0.0,0.0,0.0,0.0
201,C2_07680W,C2_07680W,204,TCTAACCAAACAGAATGGAG,AGG,0,-,76.0,no,-55.0,55.0,0.4,0.0,0.0,0.0,0.0,0.0,0.0
202,C2_09380W,RRP15,205,CGAGAGTCTAATTTCTTACG,CGG,0,-,106.0,no,-46.0,46.0,0.4,0.0,0.0,0.0,0.0,0.0,0.0
203,C2_09380W,RRP15,206,TATGAAGAGACCATCCCTCT,AGG,0,+,62.0,no,-2.0,2.0,0.45,0.0,0.0,0.0,0.0,0.0,0.0
204,C2_09380W,RRP15,207,CATCCCTCTAGGTAAACCAC,TGG,0,+,51.0,no,9.0,9.0,0.5,0.0,0.0,0.0,0.0,0.0,0.0
205,C2_09380W,RRP15,208,CAGTGGTTTACCTAGAGGGA,TGG,0,-,49.0,no,11.0,11.0,0.5,0.0,0.0,0.0,0.0,0.0,0.0
206,C2_09680W,C2_09680W,209,GACTTGGTTGCACACTCCGG,CGG,0,+,277.0,no,-184.0,184.0,0.6,0.0,0.0,0.0,0.0,0.0,0.0
207,C2_09680W,C2_09680W,210,CAACCAAGTCCAAAGTGGGC,CGG,0,-,287.0,no,-194.0,194.0,0.55,0.0,0.0,0.0,0.0,0.0,0.0
208,C2_09680W,C2_09680W,211,GTGTGCAACCAAGTCCAAAG,TGG,0,-,282.0,no,-189.0,189.0,0.5,0.0,0.0,0.0,0.0,0.0,0.0
209,C2_09680W,C2_09680W,212,GAAGTATTTGGAAATACTAA,AGG,0,-,24.0,no,69.0,69.0,0.25,0.0,0.0,0.0,0.0,0.0,0.0
210,C2_09840W,MTW1,213,AACAGACCACCACAACTACT,TGG,0,+,40.0,no,8.0,8.0,0.45,0.0,0.0,0.0,0.0,0.0,0.0
211,C2_09840W,MTW1,214,GTTGTGGTGGTCTGTTGTTG,TGG,0,-,44.0,no,4.0,4.0,0.5,0.0,0.0,0.0,0.0,0.0,0.0
212,C2_09840W,MTW1,215,GAATAGCCAAGTAGTTGTGG,TGG,0,-,31.0,no,17.0,17.0,0.45,0.0,0.0,0.0,0.0,0.0,0.0
213,C2_09840W,MTW1,216,TAAGAATAGCCAAGTAGTTG,TGG,0,-,28.0,no,20.0,20.0,0.35,0.0,0.0,2.0,0.0,2.0,0.0
214,C2_10280C,SPT23,217,AAAGTGGAAAGTGGTGGAGG,CGG,0,-,150.0,no,11.0,11.0,0.5,0.0,0.0,2.0,0.0,2.0,0.0
215,C2_10280C,SPT23,218,TGTGTGTAATAAGTGTGTGT,AGG,0,-,281.0,no,-120.0,120.0,0.35,0.0,0.0,2.0,0.0,2.0,0.0
216,C2_10280C,SPT23,219,TTGAGTAGGCGGGTGGTAGT,GGG,0,-,246.0,no,-85.0,85.0,0.55,0.0,0.0,2.0,0.0,2.0,0.0
217,C2_10280C,SPT23,220,TTTGAGTAGGCGGGTGGTAG,TGG,0,-,245.0,no,-84.0,84.0,0.55,0.0,0.0,0.0,0.0,0.0,0.0
218,C3_01080W,MRPL33,221,CGAAAGCTCAACGTTAAGGA,AGG,0,+,103.0,no,-27.0,27.0,0.45,0.0,0.0,0.0,0.0,0.0,0.0
219,C3_01080W,MRPL33,222,CAACGTTAAGGAAGGAAGGA,AGG,0,+,95.0,no,-19.0,19.0,0.45,0.0,0.0,0.0,0.0,0.0,0.0
220,C3_01080W,MRPL33,223,TCCCGGACAACACCCAAAAC,TGG,0,+,247.0,no,-171.0,171.0,0.55,0.0,0.0,0.0,0.0,0.0,0.0
221,C3_01080W,MRPL33,224,GGTTTGCAAAAACACATTTA,CGG,0,+,226.0,no,-150.0,150.0,0.3,1.0,0.0,1.0,0.0,0.0,0.0
222,C3_01300C,NCE103,225,GGAAGGGATATAAACAATTT,AGG,0,-,103.0,no,242.0,242.0,0.3,1.0,0.0,1.0,0.0,0.0,0.0
223,C3_01300C,NCE103,226,TCTTGTACGACCAGTATCAG,TGG,0,+,60.0,no,285.0,285.0,0.45,0.0,0.0,0.0,0.0,0.0,0.0
224,C3_01300C,NCE103,227,TGGCATCACCATCTCAATTG,AGG,0,+,40.0,no,305.0,305.0,0.45,0.0,0.0,0.0,0.0,0.0,0.0
225,C3_01300C,NCE103,228,GATGGTGATGCCACTGATAC,TGG,0,-,47.0,no,298.0,298.0,0.5,0.0,0.0,0.0,0.0,0.0,0.0
226,C3_02370C,ALR1,229,GAACTAAGGACTGAGGACTG,AGG,0,-,181.0,no,362.0,362.0,0.5,0.0,0.0,0.0,0.0,0.0,0.0
227,C3_02370C,ALR1,230,ATATTAAGAACTAAGGACTG,AGG,0,-,174.0,no,369.0,369.0,0.3,0.0,0.0,0.0,0.0,0.0,0.0
228,C3_02370C,ALR1,231,GGACTAGACTAGGAACAGGG,GGG,0,-,249.0,no,294.0,294.0,0.55,0.0,0.0,0.0,0.0,0.0,0.0
229,C3_02370C,ALR1,232,ATTGGACTAGACTAGGAACA,GGG,0,-,246.0,no,297.0,297.0,0.4,0.0,0.0,0.0,0.0,0.0,0.0
230,C3_02670W,C3_02670W,233,TTGCTTTCACAAAGATCACT,GGG,0,-,190.0,no,-172.0,172.0,0.35,0.0,0.0,0.0,0.0,0.0,0.0
231,C3_02670W,C3_02670W,234,GTTGCTTTCACAAAGATCAC,TGG,0,-,189.0,no,-171.0,171.0,0.4,0.0,0.0,0.0,0.0,0.0,0.0
232,C3_02670W,C3_02670W,235,CAACAGATGGTGATGGTTGT,AGG,0,+,88.0,no,-70.0,70.0,0.45,0.0,0.0,0.0,0.0,0.0,0.0
233,C3_02670W,C3_02670W,236,CACCATCTGTTGCAAAAAAT,AGG,0,-,96.0,no,-78.0,78.0,0.35,0.0,0.0,0.0,0.0,0.0,0.0
234,C3_04830C,FAS2,237,AATTTCTTGTAAGCTAATTG,AGG,0,+,290.0,no,-247.0,247.0,0.25,0.0,0.0,0.0,0.0,0.0,0.0
235,C3_04830C,FAS2,238,TAAGCTAATTGAGGGTGTTT,CGG,0,+,281.0,no,-238.0,238.0,0.35,0.0,0.0,0.0,0.0,0.0,0.0
236,C3_04830C,FAS2,239,TCCAGCTTAGGGCATATTGT,TGG,0,+,153.0,no,-110.0,110.0,0.45,0.0,0.0,0.0,0.0,0.0,0.0
237,C3_04830C,FAS2,240,ACCAACAATATGCCCTAAGC,TGG,0,-,149.0,no,-106.0,106.0,0.45,0.0,0.0,0.0,0.0,0.0,0.0
238,C3_05800W,C3_05800W,241,CCAAAAAAACACGACTTGGA,AGG,0,+,132.0,no,-104.0,104.0,0.4,0.0,0.0,0.0,0.0,0.0,0.0
239,C3_05800W,C3_05800W,242,ACTAGTGTCTTGTACGTTAT,TGG,0,+,269.0,no,-241.0,241.0,0.35,0.0,0.0,1.0,0.0,1.0,0.0
240,C3_05800W,C3_05800W,243,CAGTAAGACAAACCAAGCCA,AGG,0,+,16.0,no,12.0,12.0,0.45,0.0,0.0,1.0,0.0,1.0,0.0
241,C3_05800W,C3_05800W,244,AGTAAGACAAACCAAGCCAA,GGG,0,+,15.0,no,13.0,13.0,0.4,0.0,0.0,0.0,0.0,0.0,0.0
242,C3_05830W,KRE6,245,TAGCAACCCTTTATTATACT,TGG,0,+,73.0,no,132.0,132.0,0.3,0.0,0.0,0.0,0.0,0.0,0.0
243,C3_05830W,KRE6,246,AATGTTGCCAAGTATAATAA,AGG,0,-,63.0,no,142.0,142.0,0.25,0.0,0.0,0.0,0.0,0.0,0.0
244,C3_05830W,KRE6,247,ATATATATATATATGAATGG,TGG,0,-,32.0,no,173.0,173.0,0.15,0.0,0.0,0.0,0.0,0.0,0.0
245,C3_05830W,KRE6,248,TATTCTATTCTATTCTATTA,AGG,0,+,200.0,no,5.0,5.0,0.15,0.0,0.0,0.0,0.0,0.0,0.0
246,C3_06520C,C3_06520C,249,AGGGGAGTAAAAGAGCATCG,TGG,0,+,190.0,no,-143.0,143.0,0.5,0.0,0.0,0.0,0.0,0.0,0.0
247,C3_06520C,C3_06520C,250,GAAGAATGAGACGCGCGATG,TGG,0,+,158.0,no,-111.0,111.0,0.55,0.0,0.0,1.0,0.0,1.0,0.0
248,C3_06520C,C3_06520C,251,AAGAATGAGACGCGCGATGT,GGG,0,+,157.0,no,-110.0,110.0,0.5,0.0,0.0,0.0,0.0,0.0,0.0
249,C3_06520C,C3_06520C,252,TATGTTGAATTTACTTAACG,GGG,0,+,217.0,no,-170.0,170.0,0.25,0.0,0.0,0.0,0.0,0.0,0.0
250,C3_07320W,MDS3,253,ACAAAAAGTGAGGGCGTGAG,GGG,0,-,86.0,no,82.0,82.0,0.5,0.0,0.0,0.0,0.0,0.0,0.0
251,C3_07320W,MDS3,254,AAACAAAAAGTGAGGGCGTG,AGG,0,-,84.0,no,84.0,84.0,0.45,0.0,0.0,0.0,0.0,0.0,0.0
252,C3_07320W,MDS3,255,GATCTTAAGGCACAAGTTAT,TGG,0,+,49.0,no,119.0,119.0,0.35,0.0,0.0,0.0,0.0,0.0,0.0
253,C3_07320W,MDS3,256,ATATAACCCACAAGTCTTAG,TGG,0,-,253.0,no,-85.0,85.0,0.35,0.0,0.0,0.0,0.0,0.0,0.0
254,C3_07390C,C3_07390C,257,TGGTAGGTTTGCAGTTGTTG,AGG,0,-,29.0,no,5.0,5.0,0.45,0.0,0.0,0.0,0.0,0.0,0.0
255,C3_07390C,C3_07390C,258,AGAAGGTTGGAGAGCAAGAT,CGG,0,-,255.0,no,-221.0,221.0,0.45,0.0,0.0,0.0,0.0,0.0,0.0
256,C3_07390C,C3_07390C,259,GACGAGCTAAAGAAGAAGGT,TGG,0,-,242.0,no,-208.0,208.0,0.45,0.0,0.0,0.0,0.0,0.0,0.0
257,C3_07390C,C3_07390C,260,TAAGTCACGTTTGTCCTTGC,TGG,0,+,215.0,no,-181.0,181.0,0.45,0.0,0.0,0.0,0.0,0.0,0.0
258,C3_07780C,NUP159,261,GGACTGGTTCAAAATTAGTG,GGG,0,+,280.0,no,-261.0,261.0,0.4,0.0,0.0,0.0,0.0,0.0,0.0
259,C3_07780C,NUP159,262,CTTCTTGTAGCCTCCCAACA,TGG,0,+,101.0,no,-82.0,82.0,0.5,0.0,0.0,0.0,0.0,0.0,0.0
260,C3_07780C,NUP159,263,GTGTGGTGCACGACCATGTT,GGG,0,-,85.0,no,-66.0,66.0,0.55,0.0,0.0,0.0,0.0,0.0,0.0
261,C3_07780C,NUP159,264,TGTGTGGTGCACGACCATGT,TGG,0,-,84.0,no,-65.0,65.0,0.55,0.0,0.0,0.0,0.0,0.0,0.0
262,C4_00560C,MMM1,265,TAGTGCCAGAGATTTCACAG,TGG,0,+,89.0,no,-54.0,54.0,0.45,0.0,0.0,0.0,0.0,0.0,0.0
263,C4_00560C,MMM1,266,AGTGCCAGAGATTTCACAGT,GGG,0,+,88.0,no,-53.0,53.0,0.45,0.0,0.0,0.0,0.0,0.0,0.0
264,C4_00560C,MMM1,267,TGCCAGAGATTTCACAGTGG,GGG,0,+,86.0,no,-51.0,51.0,0.5,0.0,0.0,0.0,0.0,0.0,0.0
265,C4_00560C,MMM1,268,CCAGAGATTTCACAGTGGGG,GGG,0,+,84.0,no,-49.0,49.0,0.55,0.0,0.0,0.0,0.0,0.0,0.0
266,C4_00890W,ARO1,269,CGATGAGCCATGACCAACAA,GGG,0,-,198.0,no,-177.0,177.0,0.5,0.0,0.0,0.0,0.0,0.0,0.0
267,C4_00890W,ARO1,270,ACGATGAGCCATGACCAACA,AGG,0,-,197.0,no,-176.0,176.0,0.5,0.0,0.0,0.0,0.0,0.0,0.0
268,C4_00890W,ARO1,271,TTTCTCCATCAAACGGTGTT,TGG,0,+,168.0,no,-147.0,147.0,0.4,0.0,0.0,0.0,0.0,0.0,0.0
269,C4_00890W,ARO1,272,ACGGTGTTTGGTTTCTCGTT,TGG,0,+,156.0,no,-135.0,135.0,0.45,0.0,0.0,0.0,0.0,0.0,0.0
270,C4_01150W,ASK1,273,GTGTGTTTAAGGGATGCTGG,TGG,0,+,280.0,no,-252.0,252.0,0.5,0.0,0.0,0.0,0.0,0.0,0.0
271,C4_01150W,ASK1,274,TGGTGGTAAATGGTTAGTGG,TGG,0,+,205.0,no,-177.0,177.0,0.45,0.0,0.0,0.0,0.0,0.0,0.0
272,C4_01150W,ASK1,275,AAATGGTTAGTGGTGGTAAG,TGG,0,+,198.0,no,-170.0,170.0,0.4,0.0,0.0,0.0,0.0,0.0,0.0
273,C4_01150W,ASK1,276,TTAGTGGTGGTAAGTGGAGG,TGG,0,+,192.0,no,-164.0,164.0,0.5,0.0,0.0,0.0,0.0,0.0,0.0
274,C4_01750C,FBA1,277,GTAGGCAAGCAGGCAGAAAG,TGG,0,+,210.0,no,-153.0,153.0,0.55,0.0,0.0,0.0,0.0,0.0,0.0
275,C4_01750C,FBA1,278,TAGGCAAGCAGGCAGAAAGT,GGG,0,+,209.0,no,-152.0,152.0,0.5,0.0,0.0,0.0,0.0,0.0,0.0
276,C4_01750C,FBA1,279,TTCTGCCTGCTTGCCTACGT,GGG,0,-,212.0,no,-155.0,155.0,0.55,0.0,0.0,0.0,0.0,0.0,0.0
277,C4_01750C,FBA1,280,TTTCTGCCTGCTTGCCTACG,TGG,0,-,211.0,no,-154.0,154.0,0.55,0.0,0.0,0.0,0.0,0.0,0.0
278,C4_01870C,ERG8,281,CATTGGTATAATTGGTCTTG,GGG,0,-,271.0,no,-239.0,239.0,0.35,0.0,0.0,0.0,0.0,0.0,0.0
279,C4_01870C,ERG8,282,CCATTGGTATAATTGGTCTT,GGG,0,-,270.0,no,-238.0,238.0,0.35,0.0,0.0,0.0,0.0,0.0,0.0
280,C4_01870C,ERG8,283,TTACAAGAATGCAAGACCAT,TGG,0,-,254.0,no,-222.0,222.0,0.35,0.0,0.0,0.0,0.0,0.0,0.0
281,C4_01870C,ERG8,284,ACAAGTTACACATATAGCTA,TGG,0,-,211.0,no,-179.0,179.0,0.3,0.0,0.0,0.0,0.0,0.0,0.0
282,C4_01880W,TYR1,285,TTGGCGTGAAAAAAAAAACG,AGG,0,-,116.0,no,-68.0,68.0,0.35,0.0,0.0,0.0,0.0,0.0,0.0
283,C4_01880W,TYR1,286,GGAAAAGCATTTCTTGCTGG,TGG,0,-,254.0,no,-206.0,206.0,0.45,0.0,0.0,0.0,0.0,0.0,0.0
284,C4_01880W,TYR1,287,CCTGGAAAAGCATTTCTTGC,TGG,0,-,251.0,no,-203.0,203.0,0.45,0.0,0.0,0.0,0.0,0.0,0.0
285,C4_01880W,TYR1,288,TGACATTGCCAATTGATGAT,CGG,0,+,216.0,no,-168.0,168.0,0.35,0.0,0.0,0.0,0.0,0.0,0.0
286,C4_01980C,CLC1,289,ATAAGTTTGTCGTGTGTTTG,AGG,0,-,153.0,no,-105.0,105.0,0.35,0.0,0.0,0.0,0.0,0.0,0.0
287,C4_01980C,CLC1,290,ATCAAATACTGGGCAAGAGC,GGG,0,-,63.0,no,-15.0,15.0,0.45,0.0,0.0,0.0,0.0,0.0,0.0
288,C4_01980C,CLC1,291,AATCAAATACTGGGCAAGAG,CGG,0,-,62.0,no,-14.0,14.0,0.4,0.0,0.0,0.0,0.0,0.0,0.0
289,C4_01980C,CLC1,292,TTACATCATTTCCTGTGGAG,TGG,0,-,217.0,no,-169.0,169.0,0.4,0.0,0.0,0.0,0.0,0.0,0.0
290,C4_03200C,C4_03200C,293,TATGTCCGTATCAATCTACG,TGG,0,-,275.0,no,-217.0,217.0,0.4,0.0,0.0,0.0,0.0,0.0,0.0
291,C4_03200C,C4_03200C,294,TCATACCACGTAGATTGATA,CGG,0,+,283.0,no,-225.0,225.0,0.35,0.0,0.0,0.0,0.0,0.0,0.0
292,C4_03200C,C4_03200C,295,TCCGGAATGTCACAGGTAAT,CGG,0,-,225.0,no,-167.0,167.0,0.45,0.0,0.0,0.0,0.0,0.0,0.0
293,C4_03200C,C4_03200C,296,AGTAAACTCCGGAATGTCAC,AGG,0,-,218.0,no,-160.0,160.0,0.45,0.0,0.0,0.0,0.0,0.0,0.0
294,C4_03330W,IPK1,297,GTGAAGATCAGGCCCTTCCT,TGG,0,+,103.0,no,146.0,146.0,0.55,0.0,0.0,0.0,0.0,0.0,0.0
295,C4_03330W,IPK1,298,GGCAAGATATAACCAAGGAA,GGG,0,-,88.0,no,161.0,161.0,0.4,0.0,0.0,0.0,0.0,0.0,0.0
296,C4_03330W,IPK1,299,GGGCAAGATATAACCAAGGA,AGG,0,-,87.0,no,162.0,162.0,0.45,0.0,0.0,0.0,0.0,0.0,0.0
297,C4_03330W,IPK1,300,TTTAGGGCAAGATATAACCA,AGG,0,-,83.0,no,166.0,166.0,0.35,2.0,0.0,2.0,0.0,2.0,0.0
298,C4_04260C,FZO1,301,CAAATAGTGTATCCGCAAAT,TGG,0,-,199.0,no,-66.0,66.0,0.35,2.0,0.0,2.0,0.0,2.0,0.0
299,C4_04260C,FZO1,302,ACTGATCACGTGAAAATTCG,GGG,0,+,274.0,no,-141.0,141.0,0.4,1.0,0.0,1.0,0.0,1.0,0.0
300,C4_04260C,FZO1,303,ACGTCTTTCGATAGTGGCAC,TGG,0,-,127.0,no,6.0,6.0,0.5,0.0,0.0,0.0,0.0,0.0,0.0
301,C4_04260C,FZO1,304,TTGAATACGTCTTTCGATAG,TGG,0,-,121.0,no,12.0,12.0,0.35,0.0,0.0,0.0,0.0,0.0,0.0
302,C4_04820C,C4_04820C,305,CATAGTGCGAACAATACTAT,AGG,0,-,191.0,no,-112.0,112.0,0.35,0.0,0.0,0.0,0.0,0.0,0.0
303,C4_04820C,C4_04820C,306,TGAAAACTCAATGTTGATAT,TGG,0,-,153.0,no,-74.0,74.0,0.25,0.0,0.0,0.0,0.0,0.0,0.0
304,C4_04820C,C4_04820C,307,TGGAATATTTGGGTGCGGGA,AGG,0,+,58.0,no,21.0,21.0,0.5,0.0,0.0,0.0,0.0,0.0,0.0
305,C4_04820C,C4_04820C,308,CTATAGTATTGTTCGCACTA,TGG,0,+,193.0,no,-114.0,114.0,0.35,0.0,0.0,0.0,0.0,0.0,0.0
306,C5_00770C,FOL1,309,AATTTGATGCTACCACTACG,AGG,0,+,273.0,no,-133.0,133.0,0.4,2.0,0.0,2.0,0.0,2.0,0.0
307,C5_00770C,FOL1,310,TTGGAGGAAAAGTGGGGCGG,AGG,0,-,117.0,no,23.0,23.0,0.6,1.0,0.0,1.0,0.0,1.0,0.0
308,C5_00770C,FOL1,311,TAATTGGAGGAAAAGTGGGG,CGG,0,-,114.0,no,26.0,26.0,0.45,0.0,0.0,0.0,0.0,0.0,0.0
309,C5_00770C,FOL1,312,GGTATTAAATTGGTTCCAAG,AGG,0,+,252.0,no,-112.0,112.0,0.35,0.0,0.0,0.0,0.0,0.0,0.0
310,C5_00790C,C5_00790C,313,CCATCCCCCAAAAGAGTAAA,AGG,0,+,279.0,no,339.0,339.0,0.45,0.0,0.0,0.0,0.0,0.0,0.0
311,C5_00790C,C5_00790C,314,AAAGTTACCAACCAGTAAAT,TGG,0,+,245.0,no,373.0,373.0,0.3,0.0,0.0,0.0,0.0,0.0,0.0
312,C5_00790C,C5_00790C,315,CGATGGAACTACCAATTTAC,TGG,0,-,231.0,no,387.0,387.0,0.4,0.0,0.0,0.0,0.0,0.0,0.0
313,C5_00790C,C5_00790C,316,TAGTAGTTTGGATTTGACGA,TGG,0,-,214.0,no,404.0,404.0,0.35,0.0,0.0,0.0,0.0,0.0,0.0
314,C5_01240W,AUR1,317,AATGTAGCGGGGAAGAGGAG,AGG,0,-,249.0,no,104.0,104.0,0.55,0.0,0.0,0.0,0.0,0.0,0.0
315,C5_01240W,AUR1,318,GTTCTAATGTAGCGGGGAAG,AGG,0,-,244.0,no,109.0,109.0,0.5,0.0,0.0,0.0,0.0,0.0,0.0
316,C5_01240W,AUR1,319,ATGGTGGTTCTAATGTAGCG,GGG,0,-,238.0,no,115.0,115.0,0.45,0.0,0.0,0.0,0.0,0.0,0.0
317,C5_01240W,AUR1,320,AATGGTGGTTCTAATGTAGC,GGG,0,-,237.0,no,116.0,116.0,0.4,0.0,0.0,0.0,0.0,0.0,0.0
318,C5_01460W,YBL053,321,CAACGCGTTGTTTATTTCTG,TGG,0,+,74.0,no,23.0,23.0,0.4,0.0,0.0,0.0,0.0,0.0,0.0
319,C5_01460W,YBL053,322,ACAATGCTAGGATATGATGA,TGG,0,-,15.0,no,82.0,82.0,0.35,1.0,0.0,0.0,0.0,0.0,0.0
320,C5_01460W,YBL053,323,GAATTCTCAGGCTGGTCCAT,AGG,0,-,253.0,no,-156.0,156.0,0.5,1.0,0.0,0.0,0.0,0.0,0.0
321,C5_01460W,YBL053,324,TGTCTAAGGAATTCTCAGGC,TGG,0,-,245.0,no,-148.0,148.0,0.45,0.0,0.0,0.0,0.0,0.0,0.0
322,C5_01720C,RCY1,325,GTTGATTGATGACTGATGGT,GGG,0,-,186.0,no,31.0,31.0,0.4,0.0,0.0,0.0,0.0,0.0,0.0
323,C5_01720C,RCY1,326,AGTTGATTGATGACTGATGG,TGG,0,-,185.0,no,32.0,32.0,0.4,0.0,0.0,0.0,0.0,0.0,0.0
324,C5_01720C,RCY1,327,GATAGTTGATTGATGACTGA,TGG,0,-,182.0,no,35.0,35.0,0.35,0.0,0.0,0.0,0.0,0.0,0.0
325,C5_01720C,RCY1,328,AAAGTAATATCTTAACGCAA,TGG,0,-,158.0,no,59.0,59.0,0.25,1.0,0.0,1.0,1.0,1.0,1.0
326,C5_02900W,SPT8,329,ATTCTCTGGCTTGCTGGCTT,TGG,0,-,146.0,no,-121.0,121.0,0.5,1.0,0.0,1.0,1.0,1.0,1.0
327,C5_02900W,SPT8,330,TCAACAATTCTCTGGCTTGC,TGG,0,-,140.0,no,-115.0,115.0,0.45,1.0,0.0,1.0,1.0,1.0,1.0
328,C5_02900W,SPT8,331,TTTGGGTGTCGCAGAATCAA,CGG,0,+,101.0,no,-76.0,76.0,0.45,0.0,0.0,0.0,0.0,0.0,0.0
329,C5_02900W,SPT8,332,TTAATCCAACTACAAAATGT,TGG,0,+,202.0,no,-177.0,177.0,0.25,0.0,0.0,0.0,0.0,0.0,0.0
330,C5_05190W,PCL5,333,TTAGGAGCGGGAGTGGGAGC,AGG,0,-,31.0,no,132.0,132.0,0.65,0.0,0.0,0.0,0.0,0.0,0.0
331,C5_05190W,PCL5,334,AAACAGTTAGGAGCGGGAGT,GGG,0,-,25.0,no,138.0,138.0,0.5,0.0,0.0,0.0,0.0,0.0,0.0
332,C5_05190W,PCL5,335,AAAACAGTTAGGAGCGGGAG,TGG,0,-,24.0,no,139.0,139.0,0.5,0.0,0.0,0.0,0.0,0.0,0.0
333,C5_05190W,PCL5,336,AGAAGGAAAACAGTTAGGAG,CGG,0,-,18.0,no,145.0,145.0,0.4,0.0,0.0,0.0,0.0,0.0,0.0
334,C5_05410C,ILV3,337,TGTGGATGGGTACATGATCT,GGG,0,-,208.0,no,-205.0,205.0,0.45,0.0,0.0,0.0,0.0,0.0,0.0
335,C5_05410C,ILV3,338,TGGCTGGATCCAGTCAATCC,AGG,0,-,259.0,no,-256.0,256.0,0.55,0.0,0.0,0.0,0.0,0.0,0.0
336,C5_05410C,ILV3,339,ACAAGGAACCGGATTTCCCT,TGG,0,-,239.0,no,-236.0,236.0,0.5,0.0,0.0,0.0,0.0,0.0,0.0
337,C5_05410C,ILV3,340,GGATGGGTACATGATCTGGG,TGG,0,-,211.0,no,-208.0,208.0,0.55,0.0,0.0,0.0,0.0,0.0,0.0
338,C6_00870C,ILV5,341,GCTGTCCCACTCAACTGAGG,TGG,0,-,166.0,no,-114.0,114.0,0.6,0.0,0.0,0.0,0.0,0.0,0.0
339,C6_00870C,ILV5,342,TTTGCTGTCCCACTCAACTG,AGG,0,-,163.0,no,-111.0,111.0,0.5,1.0,0.0,0.0,0.0,1.0,0.0
340,C6_00870C,ILV5,343,AATCTGCGCTATTCCGCTAC,AGG,0,+,260.0,no,-208.0,208.0,0.5,0.0,0.0,0.0,0.0,0.0,0.0
341,C6_00870C,ILV5,344,GCGCGATGCAGGCCCTGTAG,CGG,0,-,244.0,no,-192.0,192.0,0.7,0.0,0.0,0.0,0.0,0.0,0.0
342,C6_01280W,EXO84,345,AATTTAGTGTTGTTACCGTT,CGG,0,-,197.0,no,-138.0,138.0,0.3,0.0,0.0,0.0,0.0,0.0,0.0
343,C6_01280W,EXO84,346,TTGATAACTCGTGCACGACA,TGG,0,-,127.0,no,-68.0,68.0,0.45,0.0,0.0,0.0,0.0,0.0,0.0
344,C6_01280W,EXO84,347,ATAGTGTAAAGCGTTCTCAT,TGG,0,+,245.0,no,-186.0,186.0,0.35,0.0,0.0,0.0,0.0,0.0,0.0
345,C6_01280W,EXO84,348,ATGAGAACGCTTTACACTAT,TGG,0,-,245.0,no,-186.0,186.0,0.35,0.0,0.0,0.0,0.0,0.0,0.0
346,C6_01980C,C6_01980C,349,TGTTTGATATTCTTGATTCC,TGG,0,-,84.0,no,-14.0,14.0,0.3,1.0,0.0,1.0,0.0,1.0,0.0
347,C6_01980C,C6_01980C,350,ATCACGGCCAAGACAAGCCA,CGG,0,+,242.0,yes,-172.0,172.0,0.55,0.0,0.0,0.0,0.0,0.0,0.0
348,C6_01980C,C6_01980C,351,TGCCATACCGTGGCTTGTCT,TGG,0,-,232.0,no,-162.0,162.0,0.55,1.0,0.0,1.0,0.0,1.0,0.0
349,C6_01980C,C6_01980C,352,CTAAAAGCGTTGCCATACCG,TGG,0,-,222.0,no,-152.0,152.0,0.5,0.0,0.0,0.0,0.0,0.0,0.0
350,C6_02370C,C6_02370C,353,AAAAAATTTTTTTTCATATT,GGG,0,+,150.0,no,-120.0,120.0,0.05,1.0,0.0,0.0,0.0,0.0,0.0
351,C6_02370C,C6_02370C,354,CATATTGGGTCGTGCATTAT,TGG,0,+,136.0,no,-106.0,106.0,0.4,0.0,0.0,0.0,0.0,0.0,0.0
352,C6_02370C,C6_02370C,355,ATATTTATTCGTGAAGGTTG,CGG,0,-,18.0,no,12.0,12.0,0.3,0.0,0.0,0.0,0.0,0.0,0.0
353,C6_02370C,C6_02370C,356,GGATGAATATTTATTCGTGA,AGG,0,-,12.0,no,18.0,18.0,0.3,1.0,0.0,0.0,0.0,0.0,0.0
354,C6_02570C,SEC20,357,TGTCTCTAGTCAGGATCAAC,TGG,0,-,94.0,no,-78.0,78.0,0.45,1.0,0.0,0.0,0.0,0.0,0.0
355,C6_02570C,SEC20,358,TTTGTTCGGTGTCTCTAGTC,AGG,0,-,85.0,no,-69.0,69.0,0.45,2.0,0.0,0.0,0.0,0.0,0.0
356,C6_02570C,SEC20,359,TATAGCTAATACTTCGAAAC,CGG,0,-,272.0,no,-256.0,256.0,0.3,0.0,0.0,0.0,0.0,0.0,0.0
357,C6_02570C,SEC20,360,AGTAATTTGTCTAATGGGGC,TGG,0,-,246.0,no,-230.0,230.0,0.4,0.0,0.0,0.0,0.0,0.0,0.0
358,C6_03110C,C6_03110C,361,GGCTGCATTCAAACGTTCTT,TGG,0,+,279.0,no,,,0.45,0.0,0.0,0.0,0.0,0.0,0.0
359,C6_03110C,C6_03110C,362,GATCTCTCAGGACTGCCATA,TGG,0,+,229.0,no,,,0.5,0.0,0.0,0.0,0.0,0.0,0.0
360,C6_03110C,C6_03110C,363,GGACTGCCATATGGTCTATA,AGG,0,+,220.0,no,,,0.45,0.0,0.0,0.0,0.0,0.0,0.0
361,C6_03110C,C6_03110C,364,GACTGCCATATGGTCTATAA,GGG,0,+,219.0,no,,,0.4,0.0,0.0,0.0,0.0,0.0,0.0
362,C6_04120C,C6_04120C,365,GAATTGATACATTATACTAT,CGG,0,+,163.0,no,47.0,47.0,0.2,0.0,0.0,0.0,0.0,0.0,0.0
363,C6_04120C,C6_04120C,366,TAGCATTACATCACACTAAA,AGG,0,+,285.0,no,-75.0,75.0,0.3,0.0,0.0,0.0,0.0,0.0,0.0
364,C6_04120C,C6_04120C,367,TTGTTGTTTGTGGTTGTCTG,TGG,0,-,224.0,yes,-14.0,14.0,0.4,0.0,0.0,0.0,0.0,0.0,0.0
365,C6_04120C,C6_04120C,368,GTTGTTGTTGTTGTTGTTTG,TGG,0,-,214.0,no,-4.0,4.0,0.35,0.0,0.0,0.0,0.0,0.0,0.0
366,C7_00210C,C7_00210C,369,GGACTGGATTTAAACATGGT,TGG,0,+,92.0,no,-85.0,85.0,0.4,0.0,0.0,0.0,0.0,0.0,0.0
367,C7_00210C,C7_00210C,370,TCTCATCCCCGGACTTAACT,TGG,0,+,271.0,no,-264.0,264.0,0.5,1.0,0.0,1.0,0.0,1.0,0.0
368,C7_00210C,C7_00210C,371,CTTTCTTGGCAGGCTCGTAG,GGG,0,+,214.0,no,-207.0,207.0,0.55,0.0,0.0,0.0,0.0,0.0,0.0
369,C7_00210C,C7_00210C,372,CTACGAGCCTGCCAAGAAAG,TGG,0,-,214.0,no,-207.0,207.0,0.55,0.0,0.0,0.0,0.0,0.0,0.0
370,C7_00730W,MET28,373,CTCTCTCTCTCTTCTTATTT,CGG,0,+,169.0,no,-97.0,97.0,0.35,0.0,0.0,2.0,0.0,2.0,0.0
371,C7_00730W,MET28,374,TCTCTCTCTCTTCTTATTTC,GGG,0,+,168.0,no,-96.0,96.0,0.35,0.0,0.0,1.0,0.0,1.0,0.0
372,C7_00730W,MET28,375,TAAGCGAATAAAGGGAAGAA,AGG,0,-,78.0,no,-6.0,6.0,0.35,0.0,0.0,1.0,0.0,1.0,0.0
373,C7_00730W,MET28,376,GAATAAGAACTAATTGGTAA,AGG,0,-,34.0,no,38.0,38.0,0.25,0.0,0.0,0.0,0.0,0.0,0.0
374,C7_01180W,MDM12,377,ACTCAGCTAGTTCTGCTTGT,TGG,0,+,179.0,no,-126.0,126.0,0.45,0.0,0.0,0.0,0.0,0.0,0.0
375,C7_01180W,MDM12,378,CTAGTTCTGCTTGTTGGTAC,TGG,0,+,173.0,no,-120.0,120.0,0.45,0.0,0.0,0.0,0.0,0.0,0.0
376,C7_01180W,MDM12,379,AACTGGGTGTTGTCATCGGT,TGG,0,-,29.0,no,24.0,24.0,0.5,0.0,0.0,0.0,0.0,0.0,0.0
377,C7_01180W,MDM12,380,CGTTAACTGGGTGTTGTCAT,CGG,0,-,25.0,no,28.0,28.0,0.45,0.0,0.0,0.0,0.0,0.0,0.0
378,C7_01650W,C7_01650W,381,TTGATGTTTGAGTGAGGAAT,TGG,0,-,127.0,no,-52.0,52.0,0.35,0.0,0.0,0.0,0.0,0.0,0.0
379,C7_01650W,C7_01650W,382,GTTTGATTGATGTTTGAGTG,AGG,0,-,121.0,no,-46.0,46.0,0.35,0.0,0.0,0.0,0.0,0.0,0.0
380,C7_01650W,C7_01650W,383,TGAATCACACATTGCGTAAC,TGG,0,+,225.0,no,-150.0,150.0,0.4,0.0,0.0,0.0,0.0,0.0,0.0
381,C7_01650W,C7_01650W,384,GCTAGTTAGGAGAACAAAAG,TGG,0,+,405.0,no,-330.0,330.0,0.4,0.0,0.0,0.0,0.0,0.0,0.0
382,C7_02060W,LIG1,385,CGAAGCACACGACCGTCTTG,TGG,0,+,131.0,no,-78.0,78.0,0.6,0.0,0.0,0.0,0.0,0.0,0.0
383,C7_02060W,LIG1,386,AAAGTTTGACTCATCGATTT,CGG,0,+,91.0,no,-38.0,38.0,0.3,0.0,0.0,0.0,0.0,0.0,0.0
384,C7_02060W,LIG1,387,AAACTAGACGTGTAGAAGAA,GGG,0,-,24.0,no,29.0,29.0,0.35,0.0,0.0,0.0,0.0,0.0,0.0
385,C7_02060W,LIG1,388,GGATTAAATTCCCACAATTG,TGG,0,-,253.0,no,-200.0,200.0,0.35,0.0,0.0,0.0,0.0,0.0,0.0
386,C7_02680W,TOM22,389,TTTCTTCTTTCTACAATTTG,TGG,0,+,119.0,no,-64.0,64.0,0.25,0.0,0.0,0.0,0.0,0.0,0.0
387,C7_02680W,TOM22,390,TTCTTCTTTCTACAATTTGT,GGG,0,+,118.0,no,-63.0,63.0,0.25,0.0,0.0,0.0,0.0,0.0,0.0
388,C7_02680W,TOM22,391,CAAATCAAAAAATTTGTAGT,TGG,0,-,78.0,no,-23.0,23.0,0.2,0.0,0.0,0.0,0.0,0.0,0.0
389,C7_02680W,TOM22,392,AACGATAATAGTATTCAAGA,TGG,0,+,211.0,no,-156.0,156.0,0.25,0.0,0.0,0.0,0.0,0.0,0.0
390,C7_02770W,CHS1,393,TAATTATATCAAAATTGGAA,TGG,0,+,168.0,no,-113.0,113.0,0.15,0.0,0.0,0.0,0.0,0.0,0.0
391,C7_02770W,CHS1,394,GTATTCTGGAAATTTAAATA,AGG,0,-,30.0,no,25.0,25.0,0.2,0.0,0.0,0.0,0.0,0.0,0.0
392,C7_02770W,CHS1,395,ATGTAGTTTAAAGGGTATTC,TGG,0,-,16.0,no,39.0,39.0,0.3,0.0,0.0,0.0,0.0,0.0,0.0
393,C7_02770W,CHS1,396,CTTAGATTGTAAGAGAGCAT,TGG,0,+,285.0,no,-230.0,230.0,0.35,0.0,0.0,0.0,0.0,0.0,0.0
394,C7_02950C,DBF4,397,TCCATCTAACTTCTTGAAAC,AGG,0,+,58.0,no,-8.0,8.0,0.35,0.0,0.0,0.0,0.0,0.0,0.0
395,C7_02950C,DBF4,398,TCCTGTTTCAAGAAGTTAGA,TGG,0,-,54.0,no,-4.0,4.0,0.35,0.0,0.0,0.0,0.0,0.0,0.0
396,C7_02950C,DBF4,399,TTAACTAATCACCATCAAAC,AGG,0,+,14.0,no,36.0,36.0,0.3,0.0,0.0,0.0,0.0,0.0,0.0
397,C7_02950C,DBF4,400,AACTGACTTTCTTCCGTATT,TGG,0,-,235.0,no,-185.0,185.0,0.35,0.0,0.0,0.0,0.0,0.0,0.0
398,C7_03000C,C7_03000C,401,TGTTGTGTGTGTGTGTCAAA,AGG,0,-,98.0,no,-69.0,69.0,0.4,0.0,0.0,0.0,0.0,0.0,0.0
399,C7_03000C,C7_03000C,402,TTTCTTTCTATTTGCTTTCT,CGG,0,-,252.0,no,-223.0,223.0,0.25,0.0,0.0,0.0,0.0,0.0,0.0
400,C7_03000C,C7_03000C,403,ATGTTGTTGAGATTTGGATT,TGG,0,+,216.0,no,-187.0,187.0,0.3,0.0,0.0,0.0,0.0,0.0,0.0
401,C7_03000C,C7_03000C,404,GTTGAGATTTGGATTTGGCG,TGG,0,+,211.0,no,-182.0,182.0,0.45,0.0,0.0,0.0,0.0,0.0,0.0
402,C7_03120W,TIM54,405,TGATGAGTACAAAAGTAGTG,TGG,0,-,111.0,no,-80.0,80.0,0.35,0.0,0.0,0.0,0.0,0.0,0.0
403,C7_03120W,TIM54,406,CTTGTGTGTAGCTTATTCTG,GGG,0,-,23.0,no,8.0,8.0,0.4,0.0,0.0,0.0,0.0,0.0,0.0
404,C7_03120W,TIM54,407,GCTTGTGTGTAGCTTATTCT,GGG,0,-,22.0,no,9.0,9.0,0.4,0.0,0.0,0.0,0.0,0.0,0.0
405,C7_03120W,TIM54,408,TGCTTGTGTGTAGCTTATTC,TGG,0,-,21.0,no,10.0,10.0,0.4,0.0,0.0,0.0,0.0,0.0,0.0
406,C7_04270C,UFE1,409,GAAAGGAGTTTATTGGTAGG,TGG,0,+,161.0,no,-143.0,143.0,0.4,0.0,0.0,0.0,0.0,0.0,0.0
407,C7_04270C,UFE1,410,CTTTCCTTCGGGGTTCTTGG,TGG,0,-,176.0,no,-158.0,158.0,0.55,0.0,0.0,0.0,0.0,0.0,0.0
408,C7_04270C,UFE1,411,GTTGGCGGTTGCGACTTCAA,TGG,0,-,113.0,no,-95.0,95.0,0.55,0.0,0.0,0.0,0.0,0.0,0.0
409,C7_04270C,UFE1,412,GATTGCGTCTTTGTGGTTGG,CGG,0,-,98.0,no,-80.0,80.0,0.5,0.0,0.0,0.0,0.0,0.0,0.0
410,CR_00250W,ATP17,413,TGTCAAATGCTAATGTCTGT,AGG,0,+,179.0,no,-155.0,155.0,0.35,0.0,0.0,0.0,0.0,0.0,0.0
411,CR_00250W,ATP17,414,TGTAGGAATTGAGCGCAGAT,TGG,0,+,162.0,no,-138.0,138.0,0.45,0.0,0.0,0.0,0.0,0.0,0.0
412,CR_00250W,ATP17,415,TTTCTGGTTGTTTGTTGTGT,GGG,0,-,85.0,no,-61.0,61.0,0.35,0.0,0.0,0.0,0.0,0.0,0.0
413,CR_00250W,ATP17,416,ATAGTTACTGTGTTGGTTGT,AGG,0,-,17.0,no,7.0,7.0,0.35,0.0,0.0,0.0,0.0,0.0,0.0
414,CR_00410W,RTT109,417,ATTAGCAAGTGTTGTTATTG,TGG,0,+,191.0,no,-169.0,169.0,0.3,0.0,0.0,0.0,0.0,0.0,0.0
415,CR_00410W,RTT109,418,TTGTTGTTGGGAATCGATTG,AGG,0,+,114.0,no,-92.0,92.0,0.4,0.0,0.0,0.0,0.0,0.0,0.0
416,CR_00410W,RTT109,419,AATCGGTCCAAGTGAATTAC,TGG,0,+,18.0,no,4.0,4.0,0.4,0.0,0.0,0.0,0.0,0.0,0.0
417,CR_00410W,RTT109,420,GACCGATTGGAAAGTATGAA,AGG,0,-,30.0,no,-8.0,8.0,0.4,0.0,0.0,0.0,0.0,0.0,0.0
418,CR_00480W,MRPL6,421,AGTGGCGAATGAAGTTTCGT,TGG,0,+,189.0,no,-162.0,162.0,0.45,0.0,0.0,0.0,0.0,0.0,0.0
419,CR_00480W,MRPL6,422,AACATGTTCAAAACGAGTGG,TGG,0,-,136.0,no,-109.0,109.0,0.4,0.0,0.0,0.0,0.0,0.0,0.0
420,CR_00480W,MRPL6,423,TGTCTGTCCCCACGTTCAAG,TGG,0,-,281.0,no,-254.0,254.0,0.55,0.0,0.0,0.0,0.0,0.0,0.0
421,CR_00480W,MRPL6,424,GAAGGTCTCTAAGATTAAAG,GGG,0,-,244.0,no,-217.0,217.0,0.35,0.0,0.0,0.0,0.0,0.0,0.0
422,CR_00510C,ADE1,425,CTGTACAAAATGAGATAGCT,TGG,0,-,99.0,no,-47.0,47.0,0.35,0.0,0.0,0.0,0.0,2.0,2.0
423,CR_00510C,ADE1,426,GGATTAGTATTATTTTTTTC,TGG,0,-,51.0,no,1.0,1.0,0.2,0.0,0.0,0.0,0.0,0.0,0.0
424,CR_00510C,ADE1,427,AGCAAAAAGAATAGTTGACT,CGG,0,-,30.0,no,22.0,22.0,0.3,0.0,0.0,0.0,0.0,0.0,0.0
425,CR_00510C,ADE1,428,TGTAGGATTATGTGAGTATG,AGG,0,+,195.0,no,-143.0,143.0,0.35,0.0,0.0,0.0,0.0,1.0,1.0
426,CR_00680W,BUD22,429,TAGGAAAACCGCGAAAGCAT,TGG,0,+,85.0,no,-66.0,66.0,0.45,0.0,0.0,0.0,0.0,0.0,0.0
427,CR_00680W,BUD22,430,AAATAGATGGAATCAAAAAG,TGG,0,-,47.0,no,-28.0,28.0,0.25,0.0,0.0,0.0,0.0,0.0,0.0
428,CR_00680W,BUD22,431,TTGCACCTTCTATTCTTTCT,AGG,0,+,259.0,no,-240.0,240.0,0.35,0.0,0.0,0.0,0.0,1.0,1.0
429,CR_00680W,BUD22,432,TCTAGGTAGAATATATTCAC,AGG,0,+,242.0,no,-223.0,223.0,0.3,0.0,0.0,0.0,0.0,0.0,0.0
430,CR_00890C,CR_00890C,433,GGAGAGGAAACAAACCAACC,AGG,0,+,112.0,no,-85.0,85.0,0.5,0.0,0.0,0.0,0.0,0.0,0.0
431,CR_00890C,CR_00890C,434,AAATGAATTGTTCAGTTTCG,AGG,0,-,286.0,no,-259.0,259.0,0.3,0.0,0.0,0.0,0.0,0.0,0.0
432,CR_00890C,CR_00890C,435,CTATAGCCACTACTTACTAG,TGG,0,+,235.0,no,-208.0,208.0,0.4,0.0,0.0,0.0,0.0,0.0,0.0
433,CR_00890C,CR_00890C,436,CCTTTCCCACTAGTAAGTAG,TGG,0,-,226.0,no,-199.0,199.0,0.45,0.0,0.0,0.0,0.0,1.0,1.0
434,CR_01300W,CR_01300W,437,CCCATTGTGCACGACTAAAT,AGG,0,+,256.0,no,-207.0,207.0,0.45,0.0,0.0,0.0,0.0,0.0,0.0
435,CR_01300W,CR_01300W,438,GCACGACTAAATAGGTTACT,TGG,0,+,248.0,no,-199.0,199.0,0.4,0.0,0.0,0.0,0.0,2.0,2.0
436,CR_01300W,CR_01300W,439,CTATTTAGTCGTGCACAATG,GGG,0,-,254.0,no,-205.0,205.0,0.4,0.0,0.0,0.0,0.0,3.0,3.0
437,CR_01300W,CR_01300W,440,CCTATTTAGTCGTGCACAAT,GGG,0,-,253.0,no,-204.0,204.0,0.4,0.0,0.0,0.0,0.0,0.0,0.0
438,CR_01370C,CR_01370C,441,ACACTTGATGGAAATGAATG,TGG,0,+,159.0,no,-111.0,111.0,0.35,0.0,0.0,0.0,0.0,0.0,0.0
439,CR_01370C,CR_01370C,442,TGTGGTCGTGCAAAGCAACC,AGG,0,+,141.0,no,-93.0,93.0,0.55,0.0,0.0,0.0,0.0,0.0,0.0
440,CR_01370C,CR_01370C,443,GGTCTTGGATCGTAAGTTTG,AGG,0,+,120.0,no,-72.0,72.0,0.45,0.0,0.0,0.0,0.0,0.0,0.0
441,CR_01370C,CR_01370C,444,TAAGTATCGATTACTCTCTT,GGG,0,-,49.0,no,-1.0,1.0,0.3,0.0,0.0,0.0,0.0,0.0,0.0
442,CR_01620C,MET6,445,AACTGTGTGTGTGTGCGTGT,GGG,0,-,251.0,no,-195.0,195.0,0.5,0.0,0.0,0.0,0.0,0.0,0.0
443,CR_01620C,MET6,446,AAACTGTGTGTGTGTGCGTG,TGG,0,-,250.0,no,-194.0,194.0,0.5,0.0,0.0,0.0,0.0,0.0,0.0
444,CR_01620C,MET6,447,TCGCCGCCCACTCCTCGTTT,AGG,0,+,220.0,no,-164.0,164.0,0.65,0.0,0.0,0.0,0.0,0.0,0.0
445,CR_01620C,MET6,448,ATTCCTAAACGAGGAGTGGG,CGG,0,-,214.0,no,-158.0,158.0,0.5,0.0,0.0,0.0,0.0,0.0,0.0
446,CR_02090C,CET1,449,TGTCAGAACTAGCTTGTTGA,TGG,0,+,45.0,no,-13.0,13.0,0.4,0.0,0.0,0.0,0.0,0.0,0.0
447,CR_02090C,CET1,450,GTCAGAACTAGCTTGTTGAT,GGG,0,+,44.0,no,-12.0,12.0,0.4,0.0,0.0,0.0,0.0,0.0,0.0
448,CR_02090C,CET1,451,GGCAACCGTTGACTTGTTTA,TGG,0,+,23.0,no,9.0,9.0,0.45,0.0,0.0,0.0,0.0,0.0,0.0
449,CR_02090C,CET1,452,TATGGCCATAAACAAGTCAA,CGG,0,-,15.0,no,17.0,17.0,0.35,0.0,0.0,0.0,0.0,0.0,0.0
450,CR_02540W,CHO2,453,TGTTGTAAGAATATATAATT,AGG,0,-,135.0,no,422.0,422.0,0.15,0.0,0.0,0.0,0.0,0.0,0.0
451,CR_02540W,CHO2,454,TAGATTAATATAATTTAGTT,TGG,0,+,107.0,no,450.0,450.0,0.1,0.0,0.0,0.0,0.0,0.0,0.0
452,CR_02540W,CHO2,455,TGCAATATGTAATATGATCT,GGG,0,-,255.0,no,302.0,302.0,0.25,0.0,0.0,0.0,0.0,0.0,0.0
453,CR_02540W,CHO2,456,ATGCAATATGTAATATGATC,TGG,0,-,254.0,no,303.0,303.0,0.25,0.0,0.0,0.0,0.0,0.0,0.0
454,CR_02580W,PAN6,457,TCCGCGTAAGATTCTTCTAC,AGG,0,+,96.0,no,-65.0,65.0,0.45,0.0,0.0,0.0,0.0,0.0,0.0
455,CR_02580W,PAN6,458,CCGCGTAAGATTCTTCTACA,GGG,0,+,95.0,no,-64.0,64.0,0.45,0.0,0.0,0.0,0.0,0.0,0.0
456,CR_02580W,PAN6,459,CCCTGTAGAAGAATCTTACG,CGG,0,-,92.0,no,-61.0,61.0,0.45,0.0,0.0,0.0,0.0,0.0,0.0
457,CR_02580W,PAN6,460,GTGGTGGAGTGATTCCTTAC,AGG,0,-,41.0,no,-10.0,10.0,0.5,1.0,0.0,1.0,1.0,0.0,0.0
458,CR_02990C,RIB1,461,AATTGTTGAATAATTTATAA,TGG,0,-,208.0,no,-27.0,27.0,0.1,1.0,0.0,1.0,1.0,0.0,0.0
459,CR_02990C,RIB1,462,CATTGATTTGTCCTTGTGTT,TGG,0,+,177.0,no,4.0,4.0,0.35,1.0,0.0,1.0,1.0,0.0,0.0
460,CR_02990C,RIB1,463,CAAACACAAGGACAAATCAA,TGG,0,-,175.0,no,6.0,6.0,0.35,0.0,0.0,0.0,0.0,0.0,0.0
461,CR_02990C,RIB1,464,TAAATTTATTAAATGGGTTG,TGG,0,-,25.0,no,156.0,156.0,0.2,0.0,0.0,0.0,0.0,0.0,0.0
462,CR_03430W,CR_03430W,465,TCTCAACATGTAGTCGTGTG,TGG,0,+,129.0,no,-87.0,87.0,0.45,0.0,0.0,0.0,0.0,0.0,0.0
463,CR_03430W,CR_03430W,466,GTCGTGTGTGGTTCAACATT,AGG,0,+,117.0,no,-75.0,75.0,0.45,0.0,0.0,0.0,0.0,0.0,0.0
464,CR_03430W,CR_03430W,467,AAACTTGACTTCTTACTTCT,AGG,0,+,16.0,no,26.0,26.0,0.3,1.0,0.0,1.0,1.0,1.0,0.0
465,CR_03430W,CR_03430W,468,GAAGTAAGAAGTCAAGTTTA,TGG,0,-,17.0,no,25.0,25.0,0.3,0.0,0.0,0.0,0.0,0.0,0.0
466,CR_03530W,CR_03530W,469,TCAGTGAGTTGCTCACTGAT,TGG,0,-,175.0,no,-95.0,95.0,0.45,0.0,0.0,0.0,0.0,0.0,0.0
467,CR_03530W,CR_03530W,470,GAACTGTACCAAGTGAGAGG,GGG,0,+,155.0,no,-75.0,75.0,0.5,1.0,0.0,1.0,1.0,1.0,0.0
468,CR_03530W,CR_03530W,471,TTCTTTGACCCCCTCTCACT,TGG,0,-,144.0,no,-64.0,64.0,0.5,0.0,0.0,0.0,0.0,0.0,0.0
469,CR_03530W,CR_03530W,472,ACACTACCCCAATATTTGAT,TGG,0,+,261.0,no,-181.0,181.0,0.35,0.0,0.0,0.0,0.0,0.0,0.0
470,CR_03930C,CR_03930C,473,AAAAAATGCGTTATTAAGAC,TGG,0,+,179.0,no,-139.0,139.0,0.25,0.0,0.0,0.0,0.0,0.0,0.0
471,CR_03930C,CR_03930C,474,TCTATTATATCTTTACGAGC,AGG,0,+,274.0,no,-234.0,234.0,0.3,0.0,0.0,0.0,0.0,0.0,0.0
472,CR_03930C,CR_03930C,475,TTTACGAGCAGGAAAAGACT,AGG,0,+,263.0,no,-223.0,223.0,0.4,0.0,0.0,0.0,0.0,0.0,0.0
473,CR_03930C,CR_03930C,476,ATAATTAATGTATACAATTA,AGG,0,+,239.0,no,-199.0,199.0,0.1,1.0,0.0,1.0,1.0,1.0,0.0
474,CR_03950W,CR_03950W,477,CAACCACATACAATATATTG,GGG,0,+,152.0,no,-136.0,136.0,0.3,0.0,0.0,0.0,0.0,0.0,0.0
475,CR_03950W,CR_03950W,478,TTACCCCAATATATTGTATG,TGG,0,-,146.0,no,-130.0,130.0,0.3,0.0,0.0,0.0,0.0,0.0,0.0
476,CR_03950W,CR_03950W,479,CTTATTGACCTTCTCTTATC,AGG,0,-,240.0,no,-224.0,224.0,0.35,0.0,0.0,0.0,0.0,0.0,0.0
477,CR_03950W,CR_03950W,480,GTAGTATGGTTCTTTCTGTT,AGG,0,+,197.0,yes,-181.0,181.0,0.35,0.0,0.0,0.0,0.0,0.0,0.0
478,CR_04140W,CR_04140W,481,CGGTATTACTTTCACTGGGG,AGG,0,-,206.0,no,-155.0,155.0,0.5,0.0,0.0,0.0,0.0,0.0,0.0
479,CR_04140W,CR_04140W,482,ATTCGGTATTACTTTCACTG,GGG,0,-,203.0,no,-152.0,152.0,0.35,0.0,0.0,0.0,0.0,0.0,0.0
480,CR_04140W,CR_04140W,483,ATACAATTTACAATTGATTG,AGG,0,+,118.0,no,-67.0,67.0,0.2,3.0,0.0,3.0,3.0,0.0,0.0
481,CR_04140W,CR_04140W,484,GTTGTGTTTGACCTATAGGT,TGG,0,-,38.0,yes,13.0,13.0,0.4,0.0,0.0,0.0,0.0,0.0,0.0
482,CR_04520W,MIM1,485,ATGTAGTTTTGAAGTGATAG,TGG,0,+,176.0,no,-135.0,135.0,0.3,0.0,0.0,0.0,0.0,0.0,0.0
483,CR_04520W,MIM1,486,ACTGTACACGACTTCTTTGA,TGG,0,-,136.0,no,-95.0,95.0,0.4,0.0,0.0,0.0,0.0,0.0,0.0
484,CR_04520W,MIM1,487,TGTATAAGTAAATAAAAATC,AGG,0,-,65.0,no,-24.0,24.0,0.15,1.0,0.0,1.0,1.0,1.0,0.0
485,CR_04520W,MIM1,488,AGAATAAAGATCAAGAATTT,AGG,0,+,214.0,no,-173.0,173.0,0.2,3.0,0.0,3.0,3.0,3.0,0.0
486,CR_05100W,BIR1,489,TTTCAGATGTTCCCTGTTAT,CGG,0,+,190.0,no,-135.0,135.0,0.35,0.0,0.0,0.0,0.0,0.0,0.0
487,CR_05100W,BIR1,490,CGTGCAACGCCAATACATTA,CGG,0,+,162.0,no,-107.0,107.0,0.45,0.0,0.0,0.0,0.0,0.0,0.0
488,CR_05100W,BIR1,491,GTGCAACGCCAATACATTAC,GGG,0,+,161.0,no,-106.0,106.0,0.45,0.0,0.0,0.0,0.0,0.0,0.0
489,CR_05100W,BIR1,492,TTGCACGAAGTACCGATAAC,AGG,0,-,175.0,no,-120.0,120.0,0.45,0.0,0.0,0.0,0.0,0.0,0.0
490,CR_06640C,CR_06640C,493,ACTAAAATATTGTTGTGGTG,TGG,0,-,193.0,no,30.0,30.0,0.3,0.0,0.0,0.0,0.0,0.0,0.0
491,CR_06640C,CR_06640C,494,AGAATACTAAAATATTGTTG,TGG,0,-,188.0,no,35.0,35.0,0.2,0.0,0.0,0.0,0.0,0.0,0.0
492,CR_06640C,CR_06640C,495,TACTTCAACAGTATATACAC,TGG,0,+,124.0,no,99.0,99.0,0.3,0.0,0.0,0.0,0.0,0.0,0.0
493,CR_06640C,CR_06640C,496,GTTCTTCTTCTTCTTCTTCT,TGG,0,-,254.0,yes,-31.0,31.0,0.35,0.0,0.0,0.0,0.0,0.0,0.0
494,CR_07390C,MRPL8,497,GCTATAACGTTACTAGTAGT,AGG,0,-,141.0,no,-114.0,114.0,0.35,0.0,0.0,0.0,0.0,0.0,0.0
495,CR_07390C,MRPL8,498,TGCGCACAATTTCCTGCACA,TGG,0,+,119.0,no,-92.0,92.0,0.5,0.0,0.0,0.0,0.0,0.0,0.0
496,CR_07390C,MRPL8,499,GAGTATAGTGATCCATGTGC,AGG,0,-,104.0,no,-77.0,77.0,0.45,1.0,0.0,1.0,0.0,1.0,0.0
497,CR_07390C,MRPL8,500,TAGGGTTGATTAAAAGAGAA,AGG,0,-,21.0,no,6.0,6.0,0.3,2.0,0.0,0.0,0.0,2.0,0.0
498,CR_07710W,ARO2,501,GCCTCGAGTGCTAATGCCAA,AGG,0,+,273.0,no,,,0.55,0.0,0.0,0.0,0.0,0.0,0.0
499,CR_07710W,ARO2,502,ACCTTTGGCATTAGCACTCG,AGG,0,-,269.0,no,,,0.5,0.0,0.0,0.0,0.0,0.0,0.0
500,CR_07710W,ARO2,503,ATATTTGAGTGAATTGGCTA,TGG,0,+,232.0,no,,,0.3,0.0,0.0,0.0,0.0,0.0,0.0
501,CR_07710W,ARO2,504,ATAGCCAATTCACTCAAATA,TGG,0,-,231.0,no,,,0.3,0.0,0.0,0.0,0.0,0.0,0.0
502,CR_09320C,PHO88,505,AGCGAGTAGTAGTAGTTTGT,TGG,0,+,257.0,no,-183.0,183.0,0.4,0.0,0.0,0.0,0.0,0.0,0.0
503,CR_09320C,PHO88,506,GAGTAGTAGTAGTTTGTTGG,CGG,0,+,254.0,no,-180.0,180.0,0.4,1.0,0.0,0.0,0.0,1.0,0.0
504,CR_09320C,PHO88,507,GTAGTAGTAGTTTGTTGGCG,GGG,0,+,252.0,no,-178.0,178.0,0.45,1.0,0.0,0.0,0.0,1.0,0.0
505,CR_09320C,PHO88,508,TAGTAGTAGTTTGTTGGCGG,GGG,0,+,251.0,no,-177.0,177.0,0.45,0.0,0.0,0.0,0.0,0.0,0.0
506,CR_09760W,MED21,509,AATGTTGGGTTAGTTGGTCT,TGG,0,-,18.0,no,17.0,17.0,0.4,0.0,0.0,0.0,0.0,0.0,0.0
507,CR_09760W,MED21,510,CGAGGGCGCGGGGGGAGGGG,TGG,0,-,221.0,no,-186.0,186.0,0.9,0.0,0.0,0.0,0.0,0.0,0.0
508,CR_09760W,MED21,511,ATACGAGGGCGCGGGGGGAG,GGG,0,-,218.0,no,-183.0,183.0,0.75,0.0,0.0,0.0,0.0,0.0,0.0
509,CR_09760W,MED21,512,TATGTAATACGAGGGCGCGG,GGG,0,-,212.0,no,-177.0,177.0,0.55,0.0,0.0,0.0,0.0,0.0,0.0
510,CR_10010C,MSS51,513,TATCTAATATCTAATAAACA,CGG,0,-,141.0,no,11.0,11.0,0.15,0.0,0.0,0.0,0.0,0.0,0.0
511,CR_10010C,MSS51,514,TAAAATTCAAATCCCATTGT,CGG,0,-,282.0,no,-130.0,130.0,0.25,0.0,0.0,0.0,0.0,0.0,0.0
512,CR_10010C,MSS51,515,ATTAAAATAGGCTGATGAGT,AGG,0,-,24.0,no,128.0,128.0,0.3,0.0,0.0,0.0,0.0,0.0,0.0
513,CR_10010C,MSS51,516,CCAAAAGGATAAATTAAAAT,AGG,0,-,12.0,no,140.0,140.0,0.2,0.0,0.0,0.0,0.0,0.0,0.0
514,CR_10650W,LTV1,517,AATGCAAGCACGTATCCTAA,AGG,0,-,241.0,no,-224.0,224.0,0.4,0.0,0.0,0.0,0.0,0.0,0.0
515,CR_10650W,LTV1,518,AAATTTGGTATGGAGATGAG,TGG,0,+,220.0,no,-203.0,203.0,0.35,0.0,0.0,0.0,0.0,0.0,0.0
516,CR_10650W,LTV1,519,GTATGGAGATGAGTGGGTTA,TGG,0,+,213.0,no,-196.0,196.0,0.45,0.0,0.0,0.0,0.0,0.0,0.0
517,CR_10650W,LTV1,520,TTATGGATTGGATTGACTAT,TGG,0,+,196.0,no,-179.0,179.0,0.3,0.0,0.0,0.0,0.0,0.0,0.0
518,C7_02030W,HSP90,521,ATTTTTCCAGTGGTCTCCGT,TGG,0,+,131.0,no,-99.0,99.0,0.45,0.0,0.0,0.0,0.0,0.0,0.0
519,C7_02030W,HSP90,522,TGGCAACCAACGGAGACCAC,TGG,0,-,122.0,no,-90.0,90.0,0.6,0.0,0.0,0.0,0.0,0.0,0.0
520,C7_02030W,HSP90,523,AGGTAGTAATATGGTGCTGC,TGG,0,-,267.0,no,-235.0,235.0,0.45,0.0,0.0,0.0,0.0,0.0,0.0
521,C7_02030W,HSP90,524,AACGGGAGGAGTTGATAAAC,TGG,0,-,70.0,no,-38.0,38.0,0.45,0.0,0.0,0.0,0.0,0.0,0.0
522,R-_sgRNA 1,,525,CTGCAGAGAGATCATAACTT,,1,,,no,,,0.4,0.0,0.0,0.0,0.0,0.0,0.0
523,R-_sgRNA 2,,526,CGGGGTACGGCTTTAATACT,,1,,,no,,,0.5,0.0,0.0,0.0,0.0,0.0,0.0
524,R-_sgRNA 3,,527,ATAGATTTTTTGCCGGTACA,,1,,,no,,,0.35,0.0,0.0,0.0,0.0,0.0,0.0
525,R-_sgRNA 4,,528,TAACATTGGAGTCGCTACTC,,1,,,no,,,0.45,0.0,0.0,0.0,0.0,0.0,0.0
526,R-_sgRNA 5,,529,AGCAGAGTGCATAGCTACTC,,1,,,no,,,0.5,0.0,0.0,0.0,0.0,0.0,0.0
527,R-_sgRNA 6,,530,AAGGGAGTCGTAATAGGAAG,,1,,,no,,,0.45,0.0,0.0,0.0,0.0,0.0,0.0
528,R-_sgRNA 7,,531,GCATGACTGTGGATAGAGGT,,1,,,no,,,0.5,0.0,0.0,0.0,0.0,0.0,0.0
529,R-_sgRNA 8,,532,TCCACTGGACTCGCCCCCTC,,1,,,no,,,0.7,0.0,0.0,0.0,0.0,0.0,0.0
530,R-_sgRNA 9,,533,TACCACGTCTTCAGATCTCG,,1,,,no,,,0.5,0.0,0.0,0.0,0.0,0.0,0.0
531,R-sgRNA 10,,534,ATCAGTCCGAAGCCGTGCGG,,1,,,no,,,0.65,0.0,0.0,0.0,0.0,0.0,0.0
532,R-sgRNA 11,,535,GTCCAACTAAATGGTGCCAC,,1,,,no,,,0.5,0.0,0.0,0.0,0.0,0.0,0.0
533,R-sgRNA 12,,536,GTCACAGCTCTACTACAGCA,,1,,,no,,,0.5,0.0,0.0,0.0,0.0,0.0,0.0
534,R-sgRNA 13,,537,TCTCGCGACTGCCACATAAC,,1,,,no,,,0.55,0.0,0.0,0.0,0.0,0.0,0.0
535,R-sgRNA 14,,538,GACGGTGAAGTCGGTTGGCA,,1,,,no,,,0.6,0.0,0.0,0.0,0.0,0.0,0.0
536,R-sgRNA 15,,539,TAAAGCTTAGGGACCGGAGT,,1,,,no,,,0.5,0.0,0.0,0.0,0.0,0.0,0.0
537,R-sgRNA 16,,540,CCGTGTGCGATCCCTTCTTT,,1,,,no,,,0.55,0.0,0.0,0.0,0.0,0.0,0.0
538,R-sgRNA 17,,541,AGACTCCAGCGTTGGCCAAA,,1,,,no,,,0.55,0.0,0.0,0.0,0.0,0.0,0.0
539,R-sgRNA 18,,542,AGCTCTACTGTTACAAGGGG,,1,,,no,,,0.5,0.0,0.0,0.0,0.0,0.0,0.0
540,R-sgRNA 19,,543,GCTAGCTTCACTAGGGGTAA,,1,,,no,,,0.5,0.0,0.0,0.0,0.0,0.0,0.0
541,R-sgRNA 20,,544,TCGGCCCTAGACTCAATATG,,1,,,no,,,0.5,0.0,0.0,0.0,0.0,0.0,0.0
542,R-sgRNA 21,,545,GATGGGGGCCAAGTTCGTGA,,1,,,no,,,0.6,0.0,0.0,0.0,0.0,0.0,0.0
543,R-sgRNA 22,,546,GATCTGGCTCGGGACTCGTT,,1,,,no,,,0.6,0.0,0.0,0.0,0.0,0.0,0.0
544,R-sgRNA 23,,547,TCCGCTGCGCAAACTTCACT,,1,,,no,,,0.55,0.0,0.0,0.0,0.0,0.0,0.0
545,R-sgRNA 24,,548,TGGACCAGGTTCACCGAGTG,,1,,,no,,,0.6,0.0,0.0,0.0,0.0,0.0,0.0
546,R-sgRNA 25,,549,TCTTCCCATTCGGACCCAAG,,1,,,no,,,0.55,0.0,0.0,0.0,0.0,0.0,0.0
547,R-sgRNA 26,,550,TGTTTAGGCAGTGATCAGCC,,1,,,no,,,0.5,0.0,0.0,0.0,0.0,0.0,0.0
548,R-sgRNA 27,,551,GGTATCGTCGTGTCTCATTA,,1,,,no,,,0.45,0.0,0.0,0.0,0.0,0.0,0.0
549,R-sgRNA 28,,552,CGCGTCCAGGTTCTTCTGGA,,1,,,no,,,0.6,0.0,0.0,0.0,0.0,0.0,0.0
550,R-sgRNA 29,,553,TGTTGGATCGTCCCTAGGAA,,1,,,no,,,0.5,0.0,0.0,0.0,0.0,0.0,0.0
551,R-sgRNA 30,,554,TCTGACGATCTGTTGTGAGA,,1,,,no,,,0.45,0.0,0.0,0.0,0.0,0.0,0.0
552,Plasmid Backbone ,,555,TGAAGAGCCATTAATGCTCTTCC,,2,,,no,,,0.43478260869565216,0.0,0.0,0.0,0.0,0.0,0.0
